feature	Bacteria|Actinobacteria|Actinobacteria|Actinomycetales|Actinomycetaceae|Actinomyces	Bacteria|Actinobacteria|Actinobacteria|Actinomycetales|Actinomycetaceae|Mobiluncus	Bacteria|Actinobacteria|Actinobacteria|Actinomycetales|Brevibacteriaceae|Brevibacterium	Bacteria|Actinobacteria|Actinobacteria|Actinomycetales|Corynebacteriaceae|Corynebacterium	Bacteria|Actinobacteria|Actinobacteria|Actinomycetales|Corynebacteriaceae|Turicella	Bacteria|Actinobacteria|Actinobacteria|Actinomycetales|Dermabacteraceae|Dermabacter	Bacteria|Actinobacteria|Actinobacteria|Actinomycetales|Dietziaceae|Dietzia	Bacteria|Actinobacteria|Actinobacteria|Actinomycetales|Intrasporangiaceae|Janibacter	Bacteria|Actinobacteria|Actinobacteria|Actinomycetales|Microbacteriaceae|Microbacterium	Bacteria|Actinobacteria|Actinobacteria|Actinomycetales|Microbacteriaceae|Zimmermannella	Bacteria|Actinobacteria|Actinobacteria|Actinomycetales|Micrococcaceae|Arthrobacter	Bacteria|Actinobacteria|Actinobacteria|Actinomycetales|Micrococcaceae|Kocuria	Bacteria|Actinobacteria|Actinobacteria|Actinomycetales|Micrococcaceae|Micrococcus	Bacteria|Actinobacteria|Actinobacteria|Actinomycetales|Micrococcaceae|Rothia	Bacteria|Actinobacteria|Actinobacteria|Actinomycetales|Mycobacteriaceae|Mycobacterium	Bacteria|Actinobacteria|Actinobacteria|Actinomycetales|Nocardiaceae|Gordonia	Bacteria|Actinobacteria|Actinobacteria|Actinomycetales|Nocardiaceae|Nocardia	Bacteria|Actinobacteria|Actinobacteria|Actinomycetales|Nocardiaceae|Rhodococcus	Bacteria|Actinobacteria|Actinobacteria|Actinomycetales|Nocardioidaceae|Nocardioides	Bacteria|Actinobacteria|Actinobacteria|Actinomycetales|Propionibacteriaceae|Propionibacterium	Bacteria|Actinobacteria|Actinobacteria|Actinomycetales|Propionibacteriaceae|Tessaracoccus	Bacteria|Actinobacteria|Actinobacteria|Actinomycetales|Pseudonocardiaceae|Actinomycetospora	Bacteria|Actinobacteria|Actinobacteria|Bifidobacteriales|Bifidobacteriaceae|Bifidobacterium	Bacteria|Actinobacteria|Actinobacteria|Bifidobacteriales|Bifidobacteriaceae|Gardnerella	Bacteria|Actinobacteria|Actinobacteria|Coriobacteriales|Coriobacteriaceae|Atopobium	Bacteria|Actinobacteria|Actinobacteria|Coriobacteriales|Coriobacteriaceae|Collinsella	Bacteria|Actinobacteria|Actinobacteria|Coriobacteriales|Coriobacteriaceae|Olsenella	Bacteria|Bacteroidetes|Bacteroidia|Bacteroidales|Bacteroidaceae|Bacteroides	Bacteria|Bacteroidetes|Bacteroidia|Bacteroidales|Porphyromonadaceae|Barnesiella	Bacteria|Bacteroidetes|Bacteroidia|Bacteroidales|Porphyromonadaceae|Butyricimonas	Bacteria|Bacteroidetes|Bacteroidia|Bacteroidales|Porphyromonadaceae|Dysgonomonas	Bacteria|Bacteroidetes|Bacteroidia|Bacteroidales|Porphyromonadaceae|Odoribacter	Bacteria|Bacteroidetes|Bacteroidia|Bacteroidales|Porphyromonadaceae|Parabacteroides	Bacteria|Bacteroidetes|Bacteroidia|Bacteroidales|Porphyromonadaceae|Porphyromonas	Bacteria|Bacteroidetes|Bacteroidia|Bacteroidales|Porphyromonadaceae|Tannerella	Bacteria|Bacteroidetes|Bacteroidia|Bacteroidales|Prevotellaceae|Hallella	Bacteria|Bacteroidetes|Bacteroidia|Bacteroidales|Prevotellaceae|Paraprevotella	Bacteria|Bacteroidetes|Bacteroidia|Bacteroidales|Prevotellaceae|Prevotella	Bacteria|Bacteroidetes|Bacteroidia|Bacteroidales|Rikenellaceae|Alistipes	Bacteria|Bacteroidetes|Bacteroidia|Bacteroidales|Rikenellaceae|Rikenella	Bacteria|Bacteroidetes|Flavobacteria|Flavobacteriales|Flavobacteriaceae|Capnocytophaga	Bacteria|Bacteroidetes|Flavobacteria|Flavobacteriales|Flavobacteriaceae|Chryseobacterium	Bacteria|Bacteroidetes|Flavobacteria|Flavobacteriales|Flavobacteriaceae|Cloacibacterium	Bacteria|Bacteroidetes|Flavobacteria|Flavobacteriales|Flavobacteriaceae|Planobacterium	Bacteria|Bacteroidetes|Sphingobacteria|Sphingobacteriales|Sphingobacteriaceae|Mucilaginibacter	Bacteria|Deinococcus_Thermus|Deinococci|Deinococcales|Deinococcaceae|Deinococcus	Bacteria|Firmicutes|Bacilli|Bacillales|Bacillaceae|Bacillus	Bacteria|Firmicutes|Bacilli|Bacillales|Bacillaceae|Exiguobacterium	Bacteria|Firmicutes|Bacilli|Bacillales|Bacillaceae|Lysinibacillus	Bacteria|Firmicutes|Bacilli|Bacillales|Bacillaceae|Tumebacillus	Bacteria|Firmicutes|Bacilli|Bacillales|Planococcaceae|Sporosarcina	Bacteria|Firmicutes|Bacilli|Bacillales|Staphylococcaceae|Gemella	Bacteria|Firmicutes|Bacilli|Bacillales|Staphylococcaceae|Staphylococcus	Bacteria|Firmicutes|Bacilli|Lactobacillales|Aerococcaceae|Abiotrophia	Bacteria|Firmicutes|Bacilli|Lactobacillales|Aerococcaceae|Aerococcus	Bacteria|Firmicutes|Bacilli|Lactobacillales|Carnobacteriaceae|Alloiococcus	Bacteria|Firmicutes|Bacilli|Lactobacillales|Carnobacteriaceae|Dolosigranulum	Bacteria|Firmicutes|Bacilli|Lactobacillales|Carnobacteriaceae|Granulicatella	Bacteria|Firmicutes|Bacilli|Lactobacillales|Enterococcaceae|Enterococcus	Bacteria|Firmicutes|Bacilli|Lactobacillales|Lactobacillaceae|Lactobacillus	Bacteria|Firmicutes|Bacilli|Lactobacillales|Streptococcaceae|Lactococcus	Bacteria|Firmicutes|Bacilli|Lactobacillales|Streptococcaceae|Streptococcus	Bacteria|Firmicutes|Clostridia|Clostridiales|Clostridiaceae|Clostridium	Bacteria|Firmicutes|Clostridia|Clostridiales|Eubacteriaceae|Eubacterium	Bacteria|Firmicutes|Clostridia|Clostridiales|Incertae_Sedis_XIII|Anaerovorax	Bacteria|Firmicutes|Clostridia|Clostridiales|Incertae_Sedis_XIII|Mogibacterium	Bacteria|Firmicutes|Clostridia|Clostridiales|Incertae_Sedis_XIV|Blautia	Bacteria|Firmicutes|Clostridia|Clostridiales|Incertae_Sedis_XIV|Howardella	Bacteria|Firmicutes|Clostridia|Clostridiales|Incertae_Sedis_XI|Anaerococcus	Bacteria|Firmicutes|Clostridia|Clostridiales|Incertae_Sedis_XI|Finegoldia	Bacteria|Firmicutes|Clostridia|Clostridiales|Incertae_Sedis_XI|Parvimonas	Bacteria|Firmicutes|Clostridia|Clostridiales|Incertae_Sedis_XI|Peptoniphilus	Bacteria|Firmicutes|Clostridia|Clostridiales|Lachnospiraceae|Anaerostipes	Bacteria|Firmicutes|Clostridia|Clostridiales|Lachnospiraceae|Butyrivibrio	Bacteria|Firmicutes|Clostridia|Clostridiales|Lachnospiraceae|Catonella	Bacteria|Firmicutes|Clostridia|Clostridiales|Lachnospiraceae|Coprococcus	Bacteria|Firmicutes|Clostridia|Clostridiales|Lachnospiraceae|Dorea	Bacteria|Firmicutes|Clostridia|Clostridiales|Lachnospiraceae|Moryella	Bacteria|Firmicutes|Clostridia|Clostridiales|Lachnospiraceae|Oribacterium	Bacteria|Firmicutes|Clostridia|Clostridiales|Lachnospiraceae|Pseudobutyrivibrio	Bacteria|Firmicutes|Clostridia|Clostridiales|Lachnospiraceae|Roseburia	Bacteria|Firmicutes|Clostridia|Clostridiales|Lachnospiraceae|Shuttleworthia	Bacteria|Firmicutes|Clostridia|Clostridiales|Peptococcaceae|Peptococcus	Bacteria|Firmicutes|Clostridia|Clostridiales|Peptostreptococcaceae|Filifactor	Bacteria|Firmicutes|Clostridia|Clostridiales|Peptostreptococcaceae|Peptostreptococcus	Bacteria|Firmicutes|Clostridia|Clostridiales|Peptostreptococcaceae|Sporacetigenium	Bacteria|Firmicutes|Clostridia|Clostridiales|Ruminococcaceae|Acetanaerobacterium	Bacteria|Firmicutes|Clostridia|Clostridiales|Ruminococcaceae|Acetivibrio	Bacteria|Firmicutes|Clostridia|Clostridiales|Ruminococcaceae|Anaerofilum	Bacteria|Firmicutes|Clostridia|Clostridiales|Ruminococcaceae|Anaerotruncus	Bacteria|Firmicutes|Clostridia|Clostridiales|Ruminococcaceae|Butyricicoccus	Bacteria|Firmicutes|Clostridia|Clostridiales|Ruminococcaceae|Faecalibacterium	Bacteria|Firmicutes|Clostridia|Clostridiales|Ruminococcaceae|Hydrogenoanaerobacterium	Bacteria|Firmicutes|Clostridia|Clostridiales|Ruminococcaceae|Oscillibacter	Bacteria|Firmicutes|Clostridia|Clostridiales|Ruminococcaceae|Papillibacter	Bacteria|Firmicutes|Clostridia|Clostridiales|Ruminococcaceae|Ruminococcus	Bacteria|Firmicutes|Clostridia|Clostridiales|Ruminococcaceae|Sporobacter	Bacteria|Firmicutes|Clostridia|Clostridiales|Ruminococcaceae|Subdoligranulum	Bacteria|Firmicutes|Clostridia|Clostridiales|Veillonellaceae|Acidaminococcus	Bacteria|Firmicutes|Clostridia|Clostridiales|Veillonellaceae|Anaeroglobus	Bacteria|Firmicutes|Clostridia|Clostridiales|Veillonellaceae|Centipeda	Bacteria|Firmicutes|Clostridia|Clostridiales|Veillonellaceae|Dialister	Bacteria|Firmicutes|Clostridia|Clostridiales|Veillonellaceae|Megamonas	Bacteria|Firmicutes|Clostridia|Clostridiales|Veillonellaceae|Megasphaera	Bacteria|Firmicutes|Clostridia|Clostridiales|Veillonellaceae|Mitsuokella	Bacteria|Firmicutes|Clostridia|Clostridiales|Veillonellaceae|Phascolarctobacterium	Bacteria|Firmicutes|Clostridia|Clostridiales|Veillonellaceae|Schwartzia	Bacteria|Firmicutes|Clostridia|Clostridiales|Veillonellaceae|Selenomonas	Bacteria|Firmicutes|Clostridia|Clostridiales|Veillonellaceae|Veillonella	Bacteria|Firmicutes|Erysipelotrichi|Erysipelotrichales|Erysipelotrichaceae|Catenibacterium	Bacteria|Firmicutes|Erysipelotrichi|Erysipelotrichales|Erysipelotrichaceae|Coprobacillus	Bacteria|Firmicutes|Erysipelotrichi|Erysipelotrichales|Erysipelotrichaceae|Holdemania	Bacteria|Firmicutes|Erysipelotrichi|Erysipelotrichales|Erysipelotrichaceae|Solobacterium	Bacteria|Firmicutes|Erysipelotrichi|Erysipelotrichales|Erysipelotrichaceae|Turicibacter	Bacteria|Fusobacteria|Fusobacteria|Fusobacteriales|Fusobacteriaceae|Fusobacterium	Bacteria|Fusobacteria|Fusobacteria|Fusobacteriales|Leptotrichiaceae|Leptotrichia	Bacteria|Fusobacteria|Fusobacteria|Fusobacteriales|Leptotrichiaceae|Sneathia	Bacteria|Lentisphaerae|Lentisphaeria|Victivallales|Victivallaceae|Victivallis	Bacteria|Proteobacteria|Alphaproteobacteria|Caulobacterales|Caulobacteraceae|Brevundimonas	Bacteria|Proteobacteria|Alphaproteobacteria|Caulobacterales|Caulobacteraceae|Phenylobacterium	Bacteria|Proteobacteria|Alphaproteobacteria|Rhizobiales|Bradyrhizobiaceae|Bradyrhizobium	Bacteria|Proteobacteria|Alphaproteobacteria|Rhizobiales|Methylobacteriaceae|Methylobacterium	Bacteria|Proteobacteria|Alphaproteobacteria|Rhizobiales|Rhizobiaceae|Rhizobium	Bacteria|Proteobacteria|Alphaproteobacteria|Rhodobacterales|Rhodobacteraceae|Paracoccus	Bacteria|Proteobacteria|Alphaproteobacteria|Rhodobacterales|Rhodobacteraceae|Rhodobacter	Bacteria|Proteobacteria|Alphaproteobacteria|Rhodobacterales|Rhodobacteraceae|Rubellimicrobium	Bacteria|Proteobacteria|Alphaproteobacteria|Rhodospirillales|Acetobacteraceae|Craurococcus	Bacteria|Proteobacteria|Alphaproteobacteria|Rhodospirillales|Acetobacteraceae|Roseomonas	Bacteria|Proteobacteria|Alphaproteobacteria|Sphingomonadales|Sphingomonadaceae|Novosphingobium	Bacteria|Proteobacteria|Alphaproteobacteria|Sphingomonadales|Sphingomonadaceae|Sphingobium	Bacteria|Proteobacteria|Alphaproteobacteria|Sphingomonadales|Sphingomonadaceae|Sphingomonas	Bacteria|Proteobacteria|Betaproteobacteria|Burkholderiales|Alcaligenaceae|Parasutterella	Bacteria|Proteobacteria|Betaproteobacteria|Burkholderiales|Alcaligenaceae|Sutterella	Bacteria|Proteobacteria|Betaproteobacteria|Burkholderiales|Burkholderiaceae|Burkholderia	Bacteria|Proteobacteria|Betaproteobacteria|Burkholderiales|Burkholderiaceae|Ralstonia	Bacteria|Proteobacteria|Betaproteobacteria|Burkholderiales|Burkholderiales_incertae_sedis|Aquabacterium	Bacteria|Proteobacteria|Betaproteobacteria|Burkholderiales|Comamonadaceae|Acidovorax	Bacteria|Proteobacteria|Betaproteobacteria|Burkholderiales|Comamonadaceae|Comamonas	Bacteria|Proteobacteria|Betaproteobacteria|Burkholderiales|Comamonadaceae|Delftia	Bacteria|Proteobacteria|Betaproteobacteria|Burkholderiales|Comamonadaceae|Diaphorobacter	Bacteria|Proteobacteria|Betaproteobacteria|Burkholderiales|Comamonadaceae|Pelomonas	Bacteria|Proteobacteria|Betaproteobacteria|Burkholderiales|Comamonadaceae|Roseateles	Bacteria|Proteobacteria|Betaproteobacteria|Burkholderiales|Oxalobacteraceae|Janthinobacterium	Bacteria|Proteobacteria|Betaproteobacteria|Burkholderiales|Oxalobacteraceae|Massilia	Bacteria|Proteobacteria|Betaproteobacteria|Burkholderiales|Oxalobacteraceae|Oxalobacter	Bacteria|Proteobacteria|Betaproteobacteria|Neisseriales|Neisseriaceae|Kingella	Bacteria|Proteobacteria|Betaproteobacteria|Neisseriales|Neisseriaceae|Neisseria	Bacteria|Proteobacteria|Betaproteobacteria|Neisseriales|Neisseriaceae|Simonsiella	Bacteria|Proteobacteria|Betaproteobacteria|Neisseriales|Neisseriaceae|Stenoxybacter	Bacteria|Proteobacteria|Deltaproteobacteria|Desulfovibrionales|Desulfovibrionaceae|Desulfovibrio	Bacteria|Proteobacteria|Deltaproteobacteria|Desulfovibrionales|Desulfovibrionaceae|Lawsonia	Bacteria|Proteobacteria|Epsilonproteobacteria|Campylobacterales|Campylobacteraceae|Campylobacter	Bacteria|Proteobacteria|Epsilonproteobacteria|Campylobacterales|Helicobacteraceae|Helicobacter	Bacteria|Proteobacteria|Gammaproteobacteria|Cardiobacteriales|Cardiobacteriaceae|Cardiobacterium	Bacteria|Proteobacteria|Gammaproteobacteria|Enterobacteriales|Enterobacteriaceae|Buttiauxella	Bacteria|Proteobacteria|Gammaproteobacteria|Enterobacteriales|Enterobacteriaceae|Citrobacter	Bacteria|Proteobacteria|Gammaproteobacteria|Enterobacteriales|Enterobacteriaceae|Cronobacter	Bacteria|Proteobacteria|Gammaproteobacteria|Enterobacteriales|Enterobacteriaceae|Enterobacter	Bacteria|Proteobacteria|Gammaproteobacteria|Enterobacteriales|Enterobacteriaceae|Escherichia_Shigella	Bacteria|Proteobacteria|Gammaproteobacteria|Enterobacteriales|Enterobacteriaceae|Klebsiella	Bacteria|Proteobacteria|Gammaproteobacteria|Enterobacteriales|Enterobacteriaceae|Providencia	Bacteria|Proteobacteria|Gammaproteobacteria|Enterobacteriales|Enterobacteriaceae|Raoultella	Bacteria|Proteobacteria|Gammaproteobacteria|Enterobacteriales|Enterobacteriaceae|Serratia	Bacteria|Proteobacteria|Gammaproteobacteria|Pasteurellales|Pasteurellaceae|Actinobacillus	Bacteria|Proteobacteria|Gammaproteobacteria|Pasteurellales|Pasteurellaceae|Aggregatibacter	Bacteria|Proteobacteria|Gammaproteobacteria|Pasteurellales|Pasteurellaceae|Haemophilus	Bacteria|Proteobacteria|Gammaproteobacteria|Pasteurellales|Pasteurellaceae|Pasteurella	Bacteria|Proteobacteria|Gammaproteobacteria|Pseudomonadales|Moraxellaceae|Acinetobacter	Bacteria|Proteobacteria|Gammaproteobacteria|Pseudomonadales|Moraxellaceae|Enhydrobacter	Bacteria|Proteobacteria|Gammaproteobacteria|Pseudomonadales|Moraxellaceae|Moraxella	Bacteria|Proteobacteria|Gammaproteobacteria|Pseudomonadales|Pseudomonadaceae|Pseudomonas	Bacteria|Proteobacteria|Gammaproteobacteria|Xanthomonadales|Xanthomonadaceae|Stenotrophomonas	Bacteria|Proteobacteria|Gammaproteobacteria|Xanthomonadales|Xanthomonadaceae|Xanthomonas	Bacteria|Spirochaetes|Spirochaetes|Spirochaetales|Spirochaetaceae|Treponema	Bacteria|Tenericutes|Mollicutes|Mycoplasmatales|Mycoplasmataceae|Mycoplasma	Bacteria|Tenericutes|Mollicutes|Mycoplasmatales|Mycoplasmataceae|Ureaplasma	Bacteria|Verrucomicrobia|Opitutae|Puniceicoccales|Puniceicoccaceae|Coraliomargarita	Bacteria|Verrucomicrobia|Verrucomicrobiae|Verrucomicrobiales|Verrucomicrobiaceae|Akkermansia
Sample1	0.000394041	NA	NA	0.000788081	NA	NA	NA	NA	NA	NA	NA	NA	NA	0.00157616	NA	NA	NA	NA	NA	0.96493	NA	NA	NA	NA	0.00118212	NA	NA	0.0132398	NA	NA	NA	NA	0.000157616	NA	NA	NA	NA	0.00157616	NA	NA	0.000236425	NA	NA	NA	NA	NA	NA	NA	NA	NA	NA	0.000315233	0.00102451	NA	NA	NA	NA	NA	NA	NA	NA	0.00220663	NA	0.000630465	NA	7.88081e-05	NA	NA	NA	NA	0.000630465	NA	NA	NA	0.000315233	NA	NA	NA	0.000945698	NA	NA	NA	NA	NA	NA	NA	NA	NA	NA	0.000315233	NA	NA	NA	NA	NA	0.000788081	NA	NA	NA	NA	NA	NA	NA	NA	NA	0.000315233	7.88081e-05	0.000472849	NA	NA	NA	NA	NA	NA	NA	NA	NA	NA	NA	NA	NA	NA	NA	NA	NA	NA	NA	NA	NA	NA	NA	NA	NA	NA	NA	NA	NA	NA	NA	NA	NA	NA	NA	NA	NA	NA	NA	NA	NA	NA	NA	NA	NA	NA	NA	NA	NA	NA	0.000157616	NA	NA	NA	NA	NA	NA	NA	NA	NA	NA	NA	7.88081e-05	0.000788081	NA	NA	NA	NA	NA	NA
Sample11	6.91276e-05	NA	NA	0.000414766	NA	NA	NA	NA	NA	NA	NA	NA	NA	0.000760405	NA	NA	NA	NA	NA	0.0995437	NA	NA	NA	NA	NA	0.000276511	NA	0.689548	NA	NA	NA	NA	0.0537813	NA	NA	NA	NA	NA	NA	NA	NA	NA	NA	NA	NA	NA	NA	NA	NA	NA	NA	NA	0.0559242	NA	NA	NA	NA	NA	NA	NA	NA	NA	NA	0.00103691	0.000276511	NA	0.0104383	NA	0.000345638	6.91276e-05	NA	NA	NA	NA	NA	0.000345638	NA	NA	NA	6.91276e-05	0.0107148	NA	NA	NA	NA	0.000138255	NA	0.000414766	NA	0.000207383	0.000345638	0.0040094	NA	0.0117517	0.000138255	0.00774232	NA	0.000207383	NA	NA	NA	0.00214296	NA	NA	NA	NA	NA	NA	NA	NA	0.000483893	NA	NA	NA	NA	NA	NA	NA	NA	NA	0.000138255	NA	NA	NA	NA	NA	NA	NA	NA	NA	NA	NA	0.00843354	NA	NA	NA	NA	NA	NA	NA	NA	NA	NA	NA	NA	NA	6.91276e-05	NA	NA	NA	NA	NA	NA	NA	NA	NA	NA	6.91276e-05	NA	NA	NA	NA	NA	NA	NA	NA	NA	6.91276e-05	NA	NA	NA	0.000138255	NA	NA	NA	NA	NA	NA
Sample12	NA	NA	NA	0.456604	NA	NA	NA	NA	NA	NA	0.00320183	NA	0.000228702	NA	NA	NA	NA	NA	NA	0.0114351	NA	NA	0.00251573	NA	NA	NA	NA	0.000571756	NA	NA	NA	NA	0.000114351	NA	NA	NA	NA	0.00834763	NA	NA	NA	NA	NA	NA	NA	NA	NA	NA	NA	NA	NA	NA	0.390623	NA	NA	NA	0.000228702	NA	NA	NA	NA	NA	NA	NA	NA	NA	0.000114351	NA	0.000228702	NA	NA	NA	NA	NA	NA	0.0108634	NA	NA	NA	NA	NA	0.00297313	NA	NA	NA	NA	NA	NA	NA	NA	NA	NA	NA	NA	NA	NA	NA	NA	NA	NA	NA	NA	NA	NA	0.00434534	NA	NA	NA	NA	NA	NA	0.0053745	NA	NA	0.000800458	NA	NA	NA	NA	NA	0.000228702	NA	NA	0.000343053	NA	NA	NA	0.000114351	NA	NA	0.0049171	NA	NA	NA	0.00320183	NA	NA	NA	NA	NA	0.0305317	NA	NA	0.00583191	NA	0.0118925	0.00251573	NA	NA	NA	NA	NA	NA	NA	NA	NA	NA	NA	NA	NA	NA	NA	NA	NA	NA	NA	NA	0.00994855	NA	NA	0.000114351	NA	NA	NA	NA	NA	NA	NA
Sample17	0.000155848	NA	NA	0.0127795	NA	NA	NA	NA	NA	NA	NA	NA	NA	7.79239e-05	7.79239e-05	NA	NA	NA	NA	0.790541	NA	NA	NA	NA	NA	NA	NA	0.00249356	NA	7.79239e-05	NA	7.79239e-05	0.00101301	NA	NA	NA	NA	0.000155848	0.00101301	NA	0.000155848	NA	NA	NA	NA	NA	NA	NA	NA	NA	NA	0.000155848	0.172679	NA	NA	NA	0.000311695	0.000389619	0.000155848	7.79239e-05	NA	0.00257149	NA	NA	NA	NA	0.000155848	NA	0.000155848	NA	NA	NA	NA	NA	NA	NA	NA	NA	NA	NA	NA	NA	NA	NA	NA	NA	NA	NA	NA	NA	NA	0.000389619	NA	0.000389619	NA	0.000233772	NA	NA	NA	NA	NA	0.000935085	NA	NA	NA	0.000155848	NA	NA	0.000311695	NA	NA	NA	NA	NA	0.000233772	NA	NA	NA	NA	NA	NA	NA	NA	0.000233772	NA	NA	NA	NA	NA	7.79239e-05	NA	7.79239e-05	NA	7.79239e-05	NA	NA	NA	NA	NA	NA	NA	NA	NA	NA	NA	NA	NA	NA	NA	NA	NA	NA	NA	NA	NA	NA	NA	NA	NA	NA	NA	NA	NA	NA	NA	7.79239e-05	NA	NA	0.000233772	NA	NA	NA	NA	NA	NA	NA	NA	NA
Sample19	0.00170885	NA	NA	0.000399942	NA	NA	NA	NA	NA	NA	NA	NA	NA	NA	0.00229058	NA	NA	NA	NA	0.770106	NA	NA	NA	NA	NA	NA	NA	NA	NA	NA	NA	NA	0.00243601	NA	NA	NA	NA	0.00254509	NA	NA	NA	NA	NA	NA	NA	7.27169e-05	NA	NA	NA	NA	NA	NA	0.119765	NA	NA	NA	NA	NA	NA	0.00403579	NA	0.00636271	NA	NA	NA	NA	0.00021815	NA	0.0426848	NA	NA	NA	NA	NA	NA	NA	NA	NA	NA	NA	NA	0.000945319	NA	NA	NA	NA	NA	NA	NA	NA	NA	0.000836242	NA	NA	NA	NA	NA	NA	NA	NA	NA	0.00327226	NA	NA	0.000727169	NA	NA	NA	0.00127254	NA	NA	NA	NA	NA	0.00101803	NA	NA	NA	NA	0.00021815	NA	NA	NA	NA	NA	NA	NA	NA	NA	NA	NA	NA	NA	NA	0.00447208	NA	NA	NA	NA	NA	0.0114529	NA	NA	NA	NA	0.00225422	NA	NA	NA	NA	NA	NA	NA	NA	NA	NA	0.00021815	0.00021815	0.000363584	0.00796247	0.00138162	NA	NA	NA	NA	NA	NA	NA	NA	NA	0.000690808	NA	NA	NA	NA	NA	NA	NA
Sample22	NA	NA	NA	0.00635838	NA	NA	NA	NA	NA	NA	NA	NA	NA	NA	NA	NA	NA	NA	NA	0.962235	NA	NA	NA	NA	NA	NA	NA	0.000192678	NA	NA	NA	NA	NA	NA	NA	NA	NA	NA	NA	NA	NA	NA	NA	NA	NA	NA	NA	NA	NA	NA	NA	NA	0.0244701	NA	NA	NA	NA	NA	NA	NA	NA	0.000770712	NA	NA	NA	NA	NA	NA	0.00289017	NA	NA	NA	NA	NA	NA	NA	NA	NA	NA	NA	NA	NA	NA	NA	NA	NA	NA	NA	NA	NA	NA	NA	NA	NA	NA	NA	NA	NA	NA	NA	NA	NA	NA	NA	NA	NA	NA	NA	NA	NA	NA	NA	NA	NA	NA	NA	NA	NA	NA	NA	NA	NA	NA	NA	NA	NA	NA	NA	NA	NA	NA	NA	NA	NA	NA	NA	NA	NA	NA	NA	NA	NA	NA	NA	NA	NA	NA	NA	NA	NA	NA	NA	NA	NA	NA	NA	NA	NA	NA	NA	NA	NA	NA	NA	NA	NA	NA	NA	NA	NA	NA	NA	NA	NA	NA	NA	NA	NA
Sample24	0.000131961	NA	NA	0.000131961	NA	NA	NA	NA	NA	NA	NA	NA	NA	0.00211138	NA	NA	NA	0.000131961	NA	0.794801	NA	NA	NA	NA	NA	NA	NA	0.00158353	NA	NA	NA	NA	0.000131961	0.000263922	NA	NA	NA	0.00105569	NA	NA	0.000263922	NA	NA	NA	NA	NA	NA	NA	NA	0.000131961	NA	0.000395883	0.17564	0.000263922	NA	NA	NA	0.000263922	NA	NA	NA	0.0060702	NA	NA	NA	NA	NA	NA	0.000131961	0.000131961	NA	0.000131961	NA	NA	NA	NA	NA	NA	0.000395883	NA	NA	NA	0.000131961	NA	NA	NA	NA	NA	NA	NA	NA	0.000263922	NA	NA	NA	0.000131961	NA	NA	NA	NA	NA	NA	NA	NA	NA	NA	NA	NA	0.000131961	NA	NA	NA	NA	NA	0.000131961	NA	NA	NA	NA	NA	NA	NA	NA	NA	NA	NA	NA	NA	NA	NA	NA	0.000527843	NA	0.000395883	NA	NA	NA	NA	NA	NA	NA	NA	NA	NA	NA	NA	NA	NA	NA	NA	NA	NA	NA	NA	NA	NA	NA	NA	NA	NA	NA	NA	NA	NA	NA	0.000131961	NA	0.000659805	NA	NA	NA	NA	NA	NA	NA	NA	NA	NA
Sample29	0.000135557	NA	NA	0.00176223	NA	NA	NA	NA	NA	NA	NA	NA	NA	0.000135557	NA	NA	NA	NA	NA	0.411821	NA	NA	NA	NA	NA	NA	NA	0.00108445	NA	NA	NA	NA	0.000135557	NA	NA	NA	NA	NA	NA	NA	0.000135557	NA	NA	NA	NA	NA	NA	NA	NA	NA	NA	NA	0.0105734	NA	NA	NA	NA	NA	NA	0.000813338	NA	0.00203334	NA	NA	NA	NA	0.000135557	NA	0.000271113	NA	NA	NA	NA	NA	NA	NA	NA	NA	NA	NA	NA	NA	NA	NA	NA	NA	NA	NA	NA	NA	NA	NA	NA	NA	NA	NA	NA	NA	NA	NA	NA	NA	NA	NA	NA	NA	NA	NA	NA	NA	NA	NA	NA	NA	NA	NA	NA	NA	NA	NA	NA	NA	NA	NA	NA	NA	NA	NA	NA	NA	NA	NA	NA	NA	NA	NA	NA	NA	NA	NA	NA	NA	NA	NA	NA	NA	NA	NA	0.000948895	NA	NA	NA	NA	NA	NA	NA	NA	NA	NA	NA	NA	NA	NA	NA	NA	NA	NA	NA	NA	NA	0.000135557	NA	NA	NA	NA	NA	NA	NA
Sample38	NA	NA	NA	0.0190575	NA	NA	0.000103573	NA	NA	NA	NA	NA	NA	0.00031072	NA	NA	NA	NA	NA	0.840497	NA	NA	NA	NA	NA	NA	NA	0.00165718	0.000103573	NA	NA	NA	0.000103573	NA	NA	NA	0.000207147	0.00093216	NA	NA	NA	NA	NA	NA	NA	NA	NA	NA	NA	NA	NA	NA	0.12087	NA	NA	NA	NA	NA	NA	NA	NA	0.00186432	NA	NA	NA	NA	NA	NA	0.00031072	0.000103573	NA	NA	NA	NA	NA	0.000103573	NA	NA	NA	NA	NA	NA	NA	NA	NA	NA	NA	NA	NA	NA	NA	0.00031072	NA	0.000207147	NA	NA	NA	0.000103573	NA	NA	NA	0.000103573	NA	NA	NA	NA	NA	NA	0.000207147	NA	NA	NA	NA	NA	NA	NA	NA	NA	NA	NA	NA	0.000207147	NA	NA	NA	NA	NA	NA	NA	NA	NA	NA	NA	NA	NA	NA	NA	NA	NA	NA	NA	NA	NA	NA	NA	NA	NA	NA	NA	NA	NA	NA	NA	NA	NA	NA	NA	NA	NA	NA	NA	NA	NA	NA	NA	NA	NA	0.000207147	NA	NA	0.000103573	NA	NA	NA	NA	NA	NA	NA
Sample39	NA	NA	NA	0.0167674	NA	NA	NA	NA	NA	NA	NA	NA	NA	0.00136479	0.000779879	NA	NA	NA	NA	0.718658	NA	NA	NA	NA	NA	0.00253461	NA	0.00643401	NA	NA	NA	0.00058491	0.00175473	NA	NA	NA	NA	0.0304153	0.0058491	NA	NA	NA	NA	NA	NA	NA	NA	NA	NA	0.00058491	NA	NA	0.169624	NA	NA	NA	NA	NA	NA	NA	NA	NA	0.000779879	0.00019497	NA	NA	0.0044843	NA	NA	NA	NA	NA	NA	NA	NA	NA	0.000779879	NA	NA	0.00019497	0.00058491	NA	NA	NA	NA	NA	NA	NA	NA	NA	NA	0.00272958	NA	0.00331449	NA	0.00350946	NA	0.00097485	NA	NA	NA	NA	NA	NA	NA	NA	NA	NA	NA	0.00058491	NA	NA	NA	NA	NA	NA	NA	0.00116982	NA	NA	NA	NA	NA	NA	NA	NA	NA	NA	NA	0.00058491	NA	NA	NA	NA	NA	NA	NA	NA	NA	NA	NA	NA	0.000389939	NA	NA	NA	NA	NA	NA	NA	NA	NA	NA	NA	NA	NA	NA	NA	NA	NA	NA	NA	NA	NA	NA	NA	NA	NA	NA	NA	NA	NA	NA	NA	NA	NA	NA	NA
Sample7	0.000241838	NA	NA	0.544378	NA	NA	NA	NA	NA	NA	NA	0.000241838	NA	NA	NA	0.000241838	0.000725514	NA	NA	0.100846	NA	NA	NA	NA	0.00411124	NA	NA	NA	NA	NA	NA	NA	NA	0.00169287	NA	NA	NA	0.0031439	NA	NA	0.000241838	NA	0.00217654	NA	NA	NA	NA	0.000483676	NA	0.00169287	NA	0.00120919	0.0568319	NA	NA	0.00241838	0.200967	0.000483676	NA	0.000241838	NA	0.016445	NA	0.000483676	NA	NA	NA	NA	0.00290206	NA	NA	NA	NA	NA	NA	NA	NA	NA	0.000725514	NA	NA	NA	NA	NA	0.000483676	NA	NA	NA	NA	NA	NA	NA	NA	NA	NA	NA	NA	NA	NA	NA	NA	NA	NA	0.000483676	NA	NA	NA	NA	0.000725514	NA	NA	NA	NA	NA	0.00217654	0.000483676	0.000483676	NA	NA	NA	NA	NA	0.000241838	0.000725514	NA	0.000483676	NA	NA	0.000483676	0.000241838	0.000241838	NA	NA	NA	NA	0.00459492	0.00266022	0.000725514	NA	NA	NA	NA	NA	0.000483676	NA	NA	0.000241838	NA	NA	NA	NA	0.000725514	NA	NA	NA	NA	NA	0.000967352	NA	NA	NA	NA	0.000725514	0.000241838	NA	0.00241838	NA	0.0038694	0.00120919	NA	0.00338574	NA	NA	NA	NA	NA	NA	NA
Sample13	0.000345349	NA	NA	0.785668	NA	0.000431686	0.000172674	NA	NA	NA	NA	NA	NA	NA	NA	NA	NA	NA	NA	0.0656162	NA	NA	NA	NA	NA	8.63374e-05	NA	0.00518024	NA	NA	NA	8.63374e-05	0.000259012	0.000172674	NA	NA	NA	0.00483487	0.000345349	NA	NA	NA	NA	NA	NA	NA	NA	NA	NA	NA	NA	NA	0.0758905	NA	NA	NA	0.0266782	NA	8.63374e-05	NA	NA	0.000863374	NA	NA	NA	NA	NA	NA	0.00915174	0.00267646	NA	0.00820205	NA	NA	8.63374e-05	8.63374e-05	8.63374e-05	NA	NA	NA	NA	NA	NA	NA	NA	NA	NA	NA	NA	NA	NA	0.000345349	NA	0.000777037	NA	0.000431686	NA	8.63374e-05	NA	NA	NA	NA	NA	NA	NA	0.000172674	NA	NA	NA	NA	NA	NA	NA	NA	8.63374e-05	NA	NA	0.000431686	NA	8.63374e-05	NA	NA	NA	NA	NA	NA	NA	NA	NA	NA	NA	0.000172674	NA	NA	NA	NA	NA	NA	NA	NA	0.000345349	NA	NA	NA	NA	NA	NA	NA	NA	NA	NA	8.63374e-05	NA	NA	NA	NA	8.63374e-05	NA	NA	NA	NA	NA	NA	NA	NA	8.63374e-05	NA	NA	NA	NA	0.000172674	8.63374e-05	NA	NA	NA	NA	NA	NA
Sample16	0.000177431	NA	NA	0.333215	NA	NA	NA	NA	NA	NA	NA	NA	NA	0.0023066	NA	NA	NA	NA	NA	0.257807	NA	NA	NA	NA	NA	NA	NA	0.000709722	NA	NA	NA	NA	0.000177431	NA	NA	NA	NA	0.000177431	0.000354861	NA	NA	NA	NA	NA	NA	NA	NA	NA	NA	NA	NA	0.000709722	0.1989	NA	NA	NA	0.144428	0.000532292	NA	NA	NA	0.0086941	NA	NA	NA	NA	NA	NA	0.0223563	0.00141944	NA	0.0081618	NA	NA	NA	NA	NA	NA	NA	NA	0.000177431	NA	NA	NA	NA	NA	NA	NA	NA	NA	NA	NA	NA	NA	NA	NA	NA	NA	NA	NA	NA	NA	NA	0.000177431	NA	NA	NA	NA	0.000177431	NA	NA	NA	NA	NA	0.000177431	NA	NA	NA	NA	NA	NA	NA	0.000354861	NA	NA	NA	NA	NA	NA	NA	NA	NA	NA	NA	NA	NA	NA	NA	NA	NA	NA	NA	NA	NA	NA	NA	0.000177431	NA	NA	NA	NA	NA	NA	NA	NA	NA	NA	NA	NA	NA	NA	NA	NA	NA	NA	0.000709722	NA	NA	0.000354861	NA	NA	NA	NA	NA	NA	NA	NA	NA
Sample21	NA	NA	NA	0.442553	NA	NA	NA	NA	NA	NA	NA	NA	NA	NA	NA	NA	NA	NA	NA	0.194154	NA	NA	NA	NA	NA	NA	NA	0.0004379	NA	NA	NA	0.000273688	NA	NA	NA	NA	NA	0.000930537	NA	NA	NA	NA	NA	NA	NA	NA	NA	NA	NA	NA	NA	NA	0.110843	NA	NA	NA	0.0363457	NA	NA	0.000273688	0.00158739	0.000821066	NA	NA	NA	NA	NA	NA	0.0130275	0.00848431	NA	0.017735	NA	NA	NA	NA	NA	NA	NA	NA	NA	NA	NA	NA	NA	NA	NA	NA	NA	NA	NA	NA	NA	0.000383163	NA	NA	NA	0.000711589	NA	NA	NA	0.000164213	NA	NA	NA	0.000109475	NA	NA	0.00021895	NA	NA	NA	NA	NA	NA	0.000109475	NA	NA	NA	NA	NA	NA	NA	5.47376e-05	NA	NA	NA	NA	NA	NA	NA	NA	NA	NA	NA	NA	0.000273688	NA	NA	0.000273688	NA	0.000109475	NA	0.000875801	NA	NA	5.47376e-05	NA	NA	NA	NA	NA	NA	NA	NA	0.000164213	NA	NA	5.47376e-05	NA	NA	NA	NA	NA	NA	NA	NA	0.000164213	NA	0.156111	0.000273688	NA	0.00021895	NA	NA	NA	NA	NA
Sample35	0.000661221	NA	NA	0.184622	NA	NA	0.0144524	NA	NA	NA	NA	NA	NA	0.000613989	NA	NA	NA	NA	NA	0.204175	NA	NA	4.72299e-05	0.00014169	NA	NA	NA	0.00113352	NA	NA	9.446e-05	NA	0.00113352	0.00042507	NA	NA	NA	0.00099183	0.000661221	NA	NA	NA	NA	NA	NA	NA	NA	NA	NA	4.72299e-05	NA	4.72299e-05	0.225476	0.00042507	9.446e-05	NA	0.00255042	4.72299e-05	0.00014169	0.00491191	NA	0.0152081	0.000330609	4.72299e-05	NA	NA	NA	NA	0.00963492	0.00349501	NA	0.00590374	NA	NA	NA	0.00014169	NA	NA	NA	NA	0.00014169	0.00028338	NA	NA	NA	0.0009446	NA	NA	NA	NA	0.00018892	0.00023615	NA	NA	NA	NA	NA	NA	NA	NA	NA	0.00014169	NA	NA	0.00028338	NA	NA	NA	0.00113352	NA	NA	4.72299e-05	NA	NA	0.00132244	0.00023615	NA	NA	0.00023615	NA	NA	NA	NA	NA	NA	NA	NA	NA	NA	NA	9.446e-05	0.00028338	NA	NA	0.00028338	NA	NA	NA	NA	NA	0.00080291	NA	NA	NA	NA	0.000330609	4.72299e-05	0.00226704	0.000661221	NA	NA	4.72299e-05	4.72299e-05	NA	NA	0.000519531	NA	0.00184197	0.00018892	NA	9.446e-05	0.00023615	NA	NA	NA	0.00023615	NA	0.00018892	NA	NA	0.00018892	NA	NA	NA	NA	NA	NA	NA
Sample43	0.00379877	NA	NA	0.258425	NA	NA	0.000108536	NA	NA	NA	NA	NA	NA	NA	NA	NA	NA	0.002225	NA	0.389374	NA	0.000379877	NA	NA	NA	0.000108536	NA	0.00287622	NA	NA	NA	NA	NA	0.000651217	NA	NA	NA	0.000759755	NA	NA	NA	NA	NA	NA	NA	0.000868293	0.00965973	0.000651217	NA	NA	0.000108536	0.0329408	0.0957288	NA	NA	NA	NA	NA	NA	0.00113963	NA	0.0568189	0.0035817	NA	NA	NA	0.00195366	NA	0.00444999	0.00151951	NA	0.016389	NA	NA	NA	NA	NA	NA	NA	0.000108536	0.000596951	NA	NA	NA	NA	NA	NA	NA	NA	NA	NA	NA	NA	NA	NA	NA	NA	NA	NA	NA	NA	0.00141097	NA	NA	0.000922559	NA	NA	NA	0.010528	NA	NA	NA	NA	NA	0.00108536	0.000108536	NA	NA	NA	0.000434145	0.00135671	NA	NA	NA	NA	NA	NA	NA	NA	NA	NA	NA	NA	NA	0.00255061	NA	NA	NA	NA	NA	0.0135671	0.00141097	0.00189938	NA	NA	0.000434145	0.00423292	NA	NA	NA	NA	0.00515548	NA	NA	NA	NA	NA	0.000922559	0.00200792	0.0121561	0.000217073	NA	NA	0.000108536	NA	0.000217073	NA	NA	NA	NA	0.000759755	NA	NA	NA	NA	NA	NA	NA
Sample44	0.000351659	NA	NA	0.210702	NA	NA	0.000175829	NA	NA	NA	NA	NA	NA	0.000234439	NA	NA	NA	NA	NA	0.52825	NA	NA	NA	5.86098e-05	NA	NA	NA	0.00070332	NA	NA	NA	NA	NA	5.86098e-05	NA	NA	NA	0.000351659	NA	NA	0.000175829	NA	NA	NA	NA	NA	NA	NA	NA	NA	NA	0.000293049	0.0731451	NA	NA	NA	NA	5.86098e-05	NA	0.000293049	0.00111359	0.00222717	NA	NA	NA	NA	NA	NA	0.0613645	0.00668149	NA	0.054214	NA	NA	NA	NA	NA	NA	NA	NA	NA	NA	NA	NA	NA	5.86098e-05	NA	NA	NA	NA	NA	NA	NA	NA	NA	0.000175829	NA	NA	NA	0.00011722	NA	NA	NA	NA	NA	NA	0.00011722	NA	0.000293049	5.86098e-05	NA	NA	NA	NA	0.000293049	5.86098e-05	NA	NA	NA	NA	NA	NA	NA	NA	NA	NA	NA	NA	NA	NA	NA	NA	NA	NA	NA	5.86098e-05	NA	NA	NA	NA	NA	NA	NA	NA	NA	NA	NA	NA	0.00169968	NA	NA	NA	NA	NA	NA	NA	NA	NA	NA	NA	NA	NA	NA	5.86098e-05	NA	NA	NA	NA	NA	NA	NA	NA	NA	0.000293049	NA	NA	NA	NA
Sample45	0.000249938	NA	NA	0.412146	NA	NA	NA	NA	NA	NA	NA	NA	NA	0.00249938	NA	NA	NA	NA	NA	0.349163	NA	NA	NA	NA	NA	NA	NA	0.000499877	NA	NA	NA	NA	0.000249938	NA	NA	NA	NA	0.00124969	NA	NA	0.000249938	NA	NA	NA	NA	NA	NA	NA	NA	NA	NA	0.000499877	0.110972	0.000499877	NA	NA	NA	0.000499877	NA	NA	0.000249938	0.0019995	NA	0.000249938	NA	NA	0.000499877	NA	0.0142465	0.00824796	NA	0.0459887	NA	NA	NA	NA	NA	NA	NA	NA	NA	NA	NA	NA	NA	NA	NA	NA	NA	NA	NA	0.000249938	NA	NA	NA	NA	NA	NA	NA	NA	NA	0.000249938	NA	NA	NA	0.000249938	NA	NA	0.000499877	NA	NA	NA	NA	NA	0.000499877	NA	NA	NA	NA	NA	NA	NA	0.000249938	NA	NA	NA	NA	NA	NA	NA	NA	0.000249938	NA	0.000249938	0.000249938	NA	NA	NA	NA	NA	NA	NA	NA	NA	NA	0.000249938	NA	NA	NA	NA	NA	NA	0.000249938	NA	NA	NA	NA	0.000499877	NA	NA	NA	NA	NA	NA	NA	0.000249938	NA	0.000499877	NA	NA	NA	NA	NA	0.000749814	NA	NA	NA	NA
Sample47	6.35162e-05	NA	NA	0.546684	NA	NA	6.35162e-05	NA	NA	NA	NA	NA	NA	NA	NA	NA	NA	NA	NA	0.112488	NA	NA	NA	NA	NA	NA	NA	0.029281	NA	NA	NA	NA	0.00355691	NA	NA	NA	NA	0.00342988	0.000444614	NA	NA	NA	NA	NA	NA	NA	NA	NA	NA	NA	NA	NA	0.00406504	NA	NA	NA	0.258257	6.35162e-05	0.00241362	0.000381097	NA	0.000317581	NA	NA	NA	NA	6.35162e-05	NA	0.00247714	0.00165143	NA	0.0141006	NA	NA	NA	NA	6.35162e-05	NA	NA	NA	NA	NA	NA	NA	NA	NA	NA	NA	NA	NA	NA	0.000190549	NA	NA	NA	NA	NA	NA	NA	NA	NA	0.00317581	0.000127032	NA	NA	NA	NA	NA	6.35162e-05	NA	NA	NA	NA	NA	NA	NA	NA	NA	NA	NA	NA	NA	NA	NA	NA	NA	NA	NA	NA	NA	NA	NA	NA	NA	NA	NA	NA	NA	NA	NA	NA	NA	NA	NA	NA	NA	NA	NA	NA	NA	NA	NA	NA	NA	NA	NA	0.00114329	NA	0.00762196	NA	NA	NA	NA	NA	NA	NA	NA	NA	NA	NA	NA	NA	NA	NA	NA	NA	NA	NA
Sample53	0.00014932	NA	NA	0.169628	7.46603e-05	7.46603e-05	NA	NA	NA	NA	NA	NA	NA	0.00014932	NA	NA	NA	NA	NA	0.506869	NA	NA	NA	NA	NA	NA	NA	0.00500224	7.46603e-05	0.00014932	7.46603e-05	NA	0.000597283	7.46603e-05	NA	NA	0.000447962	0.00746603	0.000223981	NA	0.00014932	NA	NA	NA	NA	NA	NA	NA	NA	NA	NA	7.46603e-05	0.183142	0.00014932	NA	NA	NA	0.000298641	7.46603e-05	0.000223981	NA	0.00283709	0.000298641	NA	NA	NA	7.46603e-05	NA	0.0120203	0.0132149	NA	0.0519636	NA	NA	NA	7.46603e-05	0.00014932	NA	NA	NA	0.000223981	NA	NA	NA	7.46603e-05	0.00238913	7.46603e-05	NA	NA	NA	0.00014932	0.000821263	NA	0.00126923	NA	NA	7.46603e-05	NA	NA	NA	NA	0.00119456	NA	NA	NA	NA	NA	NA	0.000298641	NA	7.46603e-05	NA	NA	NA	NA	7.46603e-05	NA	NA	NA	NA	NA	7.46603e-05	NA	NA	0.000447962	NA	NA	NA	NA	7.46603e-05	NA	NA	0.00014932	NA	NA	NA	NA	NA	NA	NA	NA	NA	NA	7.46603e-05	NA	NA	NA	NA	NA	NA	NA	NA	0.000223981	7.46603e-05	NA	0.000223981	NA	0.000298641	0.000597283	NA	0.00014932	NA	NA	NA	NA	0.00014932	NA	NA	NA	NA	0.000373302	NA	NA	NA	NA	NA	NA	NA
Sample9	0.00316539	0.000527566	0.00527566	0.107359	NA	NA	NA	NA	0.00184648	0.00184648	NA	NA	0.0556582	0.000527566	0.0203113	0.0126616	0.00131891	0.00131891	NA	0.123714	NA	NA	NA	0.00633078	0.000791347	NA	NA	0.00184648	NA	NA	NA	NA	NA	0.000263783	0.00158269	NA	NA	0.00369296	NA	NA	NA	0.00712214	NA	NA	0.000263783	NA	0.000527566	0.0406227	NA	0.000527566	0.000263783	0.00237404	0.0316539	NA	NA	0.000263783	0.000263783	0.00105513	NA	0.00105513	0.00211026	0.0517014	NA	NA	NA	NA	0.00131891	NA	0.00923238	0.000527566	0.00131891	0.00131891	NA	NA	NA	NA	NA	NA	NA	NA	0.000791347	NA	NA	NA	0.000527566	0.000791347	NA	0.000527566	NA	NA	NA	0.000263783	NA	NA	NA	0.00158269	NA	NA	NA	NA	NA	0.0029016	NA	0.00131891	NA	NA	NA	0.00131891	0.00844105	NA	NA	NA	NA	NA	0.00131891	0.00211026	0.00263783	NA	0.00395675	NA	NA	0.0213664	0.0166183	0.0364021	0.000527566	NA	NA	0.00237404	0.0108151	0.00527566	0.00870483	NA	NA	NA	NA	NA	0.00105513	NA	0.00237404	NA	NA	NA	NA	0.00158269	NA	NA	0.00844105	NA	NA	NA	NA	NA	NA	NA	0.00131891	NA	NA	0.00131891	NA	0.000791347	NA	NA	NA	NA	NA	0.00131891	NA	0.21129	0.0113426	NA	0.0403589	0.00422051	0.00237404	0.00131891	NA	NA	NA	NA
Sample18	0.000153351	NA	NA	0.0202422	NA	NA	NA	NA	NA	0.00107346	NA	0.000153351	0.00107346	0.00260697	0.000153351	NA	NA	NA	NA	0.749271	NA	NA	0.00122681	NA	NA	NA	NA	0.00628739	NA	NA	NA	0.000613404	0.00322037	0.000920104	NA	NA	NA	0.00168686	0.00184021	NA	NA	NA	NA	NA	NA	NA	0.00122681	NA	NA	NA	NA	0.00138016	0.145683	NA	NA	NA	NA	0.00184021	NA	0.00184021	NA	0.0105812	NA	NA	NA	NA	0.000460053	NA	0.00168686	0.000306702	NA	NA	NA	NA	NA	0.000920104	0.000153351	NA	NA	NA	0.00107346	NA	NA	NA	0.000153351	NA	NA	NA	NA	NA	NA	0.00245362	NA	0.00230026	NA	0.00122681	NA	0.00199356	NA	NA	NA	0.00122681	NA	NA	NA	0.000613404	NA	NA	0.000613404	NA	NA	NA	NA	NA	NA	NA	NA	NA	NA	NA	NA	0.000920104	NA	0.00107346	NA	NA	0.000460053	NA	NA	0.00122681	NA	NA	NA	NA	0.000306702	NA	NA	NA	0.000766753	NA	NA	NA	NA	NA	NA	NA	0.00107346	NA	NA	NA	NA	NA	NA	NA	NA	NA	NA	NA	NA	NA	NA	NA	0.000153351	NA	NA	0.000460053	NA	0.00168686	NA	NA	0.000766753	NA	NA	NA	NA	NA	NA	0.000306702
Sample20	4.18778e-05	NA	NA	0.00816618	NA	NA	NA	NA	NA	NA	NA	NA	8.37556e-05	4.18778e-05	NA	NA	NA	NA	NA	0.0355961	NA	NA	NA	NA	NA	NA	NA	0.0109301	8.37556e-05	NA	NA	NA	0.00167511	NA	NA	NA	NA	4.18778e-05	0.000335022	NA	NA	NA	0.0003769	NA	NA	NA	0.000167511	NA	NA	NA	NA	4.18778e-05	0.925834	NA	NA	NA	NA	NA	NA	0.000125633	4.18778e-05	0.00238703	NA	NA	NA	NA	0.000670043	NA	NA	0.000251267	NA	8.37556e-05	NA	NA	NA	4.18778e-05	0.000167511	NA	NA	NA	NA	NA	NA	NA	NA	NA	NA	NA	NA	NA	NA	0.000209389	NA	NA	NA	0.000125633	NA	NA	NA	NA	NA	NA	NA	NA	NA	NA	NA	NA	0.000125633	NA	NA	NA	NA	NA	NA	0.000251267	NA	NA	NA	NA	NA	0.000125633	8.37556e-05	NA	NA	NA	NA	NA	NA	NA	NA	NA	NA	0.000167511	NA	NA	0.000335022	0.00242891	NA	NA	NA	NA	0.000125633	NA	NA	NA	0.000335022	NA	NA	NA	NA	NA	NA	NA	NA	NA	NA	NA	NA	NA	NA	NA	NA	NA	NA	NA	NA	0.00117258	NA	NA	0.000502534	NA	4.18778e-05	NA	NA	NA	NA	NA
Sample37	0.00438421	NA	NA	0.0336788	NA	0.000398565	NA	NA	NA	0.000398565	0.000398565	NA	0.000597848	0.00338779	NA	NA	NA	NA	NA	0.724193	NA	NA	NA	NA	NA	0.000597848	NA	0.0119569	0.000199282	NA	NA	0.000199282	0.00298923	0.00378636	NA	NA	NA	0.00179354	0.00139498	NA	NA	NA	NA	NA	0.00119569	NA	0.00119569	0.000398565	0.00179354	0.000996413	NA	0.0111598	0.0741331	0.000199282	0.000199282	NA	NA	0.00478277	NA	NA	0.000199282	0.0506177	NA	NA	NA	NA	0.000597848	NA	0.00338779	0.00079713	NA	NA	NA	NA	NA	NA	NA	0.000597848	NA	NA	NA	NA	NA	NA	NA	NA	NA	NA	NA	NA	NA	0.000597848	NA	NA	NA	0.00079713	NA	NA	NA	NA	NA	NA	NA	NA	NA	NA	NA	NA	0.00119569	NA	0.000199282	NA	NA	NA	NA	NA	NA	NA	0.000199282	NA	NA	NA	NA	0.000398565	NA	0.000199282	NA	NA	NA	NA	0.000597848	NA	NA	0.00119569	NA	NA	NA	0.00139498	NA	0.00378636	NA	NA	NA	NA	NA	NA	0.00199282	NA	NA	NA	NA	0.000199282	NA	NA	NA	NA	NA	NA	NA	NA	NA	0.000199282	NA	NA	NA	0.000597848	NA	0.000996413	NA	NA	0.000597848	NA	NA	NA	NA	NA	NA	0.000199282
Sample40	0.000550439	NA	NA	0.00376838	0.000211707	NA	NA	NA	0.000169366	NA	NA	NA	NA	8.46829e-05	0.000381074	NA	NA	NA	NA	0.922155	NA	NA	NA	NA	4.23415e-05	0.000254048	NA	0.0083836	0.000169366	8.46829e-05	NA	NA	0.000381074	4.23415e-05	NA	NA	0.00059278	0.006944	0.000254048	NA	NA	NA	NA	NA	NA	8.46829e-05	0.000127024	NA	NA	NA	NA	8.46829e-05	0.00410712	NA	NA	NA	4.23415e-05	NA	NA	NA	0.000465755	0.00118556	0.00190537	0.00029639	NA	NA	NA	NA	0.000338732	NA	NA	0.000423415	NA	NA	NA	0.0012279	0.000635122	NA	NA	NA	0.000211707	NA	NA	NA	NA	0.00529269	NA	NA	NA	NA	0.000211707	0.00088917	NA	0.000508097	NA	4.23415e-05	4.23415e-05	0.000550439	NA	NA	NA	0.00177834	NA	NA	8.46829e-05	NA	NA	4.23415e-05	0.000127024	NA	NA	NA	NA	0.00029639	0.00169366	0.000338732	NA	NA	NA	NA	NA	0.000465755	0.000254048	NA	NA	NA	NA	NA	NA	NA	0.000211707	NA	NA	NA	0.000211707	8.46829e-05	NA	NA	NA	NA	0.000465755	NA	NA	NA	NA	NA	0.000211707	NA	NA	NA	NA	NA	NA	NA	NA	0.00203239	8.46829e-05	0.000211707	0.00131259	NA	0.00029639	NA	NA	NA	NA	8.46829e-05	NA	NA	NA	NA	0.000169366	NA	NA	NA	NA	NA	NA	NA
Sample46	0.00159817	0.000228311	NA	0.0251141	NA	NA	NA	NA	NA	0.000684931	NA	0.00045662	0.0221461	0.00045662	0.00045662	NA	NA	0.000684931	NA	0.683333	NA	NA	NA	NA	0.00045662	NA	NA	0.0136986	NA	NA	NA	NA	0.000913243	NA	NA	NA	NA	0.000684931	0.00136986	NA	NA	0.000228311	NA	NA	NA	NA	0.000913243	NA	0.00045662	NA	NA	0.000228311	0.155251	NA	NA	NA	NA	NA	0.00228311	0.000228311	0.000228311	0.00319634	0.000684931	NA	NA	0.000684931	NA	NA	0.00114155	0.00753424	NA	0.00182648	NA	NA	NA	NA	NA	NA	NA	NA	NA	NA	NA	NA	NA	0.000228311	NA	NA	NA	0.000913243	NA	0.000228311	NA	0.00296803	NA	NA	NA	NA	NA	NA	NA	0.00114155	NA	NA	NA	0.00228311	NA	NA	0.00136986	NA	NA	NA	NA	NA	0.000228311	NA	NA	NA	0.000228311	NA	NA	0.000913243	NA	0.0196347	NA	NA	NA	0.00114155	NA	0.000228311	NA	NA	NA	0.00045662	NA	NA	NA	NA	NA	NA	NA	NA	NA	0.00045662	NA	NA	NA	NA	NA	NA	NA	NA	NA	NA	NA	NA	NA	NA	NA	NA	NA	NA	NA	NA	NA	NA	NA	0.00045662	NA	NA	0.000913243	NA	NA	NA	NA	NA	NA	NA
Sample49	0.000348068	NA	NA	0.0158371	NA	NA	0.000174034	0.000870172	0.000522103	NA	NA	NA	0.00121824	0.000174034	0.000522103	NA	NA	NA	0.000174034	0.78559	NA	0.000348068	0.000174034	NA	NA	0.000522103	NA	0.00678734	0.000348068	NA	0.000522103	NA	0.00139227	NA	NA	NA	NA	0.000174034	0.00174034	NA	NA	NA	NA	NA	NA	0.000522103	0.00139227	NA	NA	NA	NA	NA	0.0221023	NA	NA	NA	NA	NA	0.000522103	0.00121824	NA	0.00208841	0.00243648	0.000174034	NA	NA	NA	NA	0.00295858	0.00156631	NA	NA	NA	NA	NA	0.00104421	NA	NA	NA	NA	0.00104421	NA	NA	NA	NA	0.0224505	NA	NA	NA	NA	0.000696137	0.00139227	NA	NA	NA	NA	NA	NA	NA	NA	NA	NA	NA	NA	NA	0.000696137	NA	NA	0.00208841	NA	NA	NA	NA	NA	0.000348068	0.000870172	NA	NA	NA	NA	NA	NA	NA	0.000348068	NA	NA	NA	NA	NA	0.000174034	0.000174034	NA	NA	NA	0.00121824	NA	NA	NA	0.00174034	NA	0.00104421	NA	0.000174034	NA	NA	NA	0.000174034	0.000174034	NA	NA	NA	NA	NA	NA	NA	0.00748347	NA	0.00452489	0.000522103	0.000174034	0.000522103	NA	NA	NA	NA	NA	NA	NA	0.000174034	NA	0.00121824	NA	NA	NA	NA	NA	NA	NA
Sample50	0.000520426	NA	0.000780641	0.0832682	NA	NA	NA	NA	NA	NA	NA	0.000260213	NA	NA	NA	NA	NA	NA	NA	0.852199	NA	NA	NA	NA	NA	NA	NA	NA	NA	NA	NA	NA	0.00156128	NA	NA	NA	NA	NA	0.00234192	NA	NA	NA	NA	NA	NA	NA	NA	NA	NA	NA	NA	NA	0.0117096	NA	NA	NA	NA	NA	NA	NA	NA	NA	NA	NA	NA	NA	NA	NA	0.000780641	NA	NA	NA	NA	NA	NA	NA	NA	NA	NA	NA	0.000520426	NA	NA	NA	NA	NA	NA	0.000260213	NA	NA	NA	NA	NA	NA	NA	NA	NA	NA	NA	NA	NA	NA	NA	NA	NA	NA	NA	NA	0.00104085	NA	NA	NA	NA	NA	NA	NA	NA	NA	NA	NA	NA	NA	NA	NA	NA	NA	NA	NA	0.000260213	NA	NA	NA	NA	0.000780641	NA	NA	NA	NA	0.000780641	NA	NA	0.000260213	0.0018215	NA	NA	NA	NA	NA	NA	NA	NA	NA	NA	NA	0.000520426	NA	NA	0.00104085	NA	0.000520426	NA	NA	NA	NA	NA	NA	NA	0.0096279	NA	NA	0.00260213	NA	NA	NA	NA	NA	NA	NA
Sample52	0.00164835	NA	NA	0.017033	NA	NA	NA	0.000274725	NA	NA	NA	0.000274725	0.0032967	0.000274725	NA	NA	NA	NA	NA	0.924451	NA	NA	NA	NA	NA	NA	NA	NA	NA	NA	NA	NA	NA	NA	NA	NA	NA	0.000274725	NA	NA	NA	NA	NA	NA	NA	NA	0.000824176	NA	NA	NA	NA	0.000274725	0.00631869	NA	NA	NA	0.00054945	NA	NA	NA	NA	0.0228022	NA	NA	NA	NA	0.000274725	NA	0.00192308	NA	NA	0.000274725	NA	NA	NA	NA	NA	NA	NA	NA	NA	NA	NA	NA	NA	NA	NA	NA	NA	NA	NA	NA	NA	NA	NA	NA	NA	NA	NA	NA	NA	NA	NA	NA	NA	NA	NA	NA	0.000274725	NA	NA	NA	NA	NA	NA	NA	NA	NA	0.000274725	NA	NA	NA	0.000274725	NA	0.000274725	NA	0.000274725	NA	NA	NA	NA	NA	NA	NA	NA	NA	NA	NA	NA	NA	NA	NA	NA	0.00054945	NA	NA	NA	NA	NA	NA	NA	NA	NA	NA	NA	NA	NA	0.000274725	0.000274725	NA	NA	NA	NA	0.000274725	NA	0.000274725	NA	NA	0.000824176	NA	0.000274725	NA	NA	NA	NA	NA	NA	NA
Sample55	0.00697255	NA	NA	0.0296896	NA	NA	0.000224921	NA	NA	NA	NA	NA	NA	0.000899685	NA	0.000674763	NA	NA	0.000224921	0.0584795	NA	NA	NA	0.000224921	0.000674763	NA	NA	0.0465586	0.00157445	0.00179937	NA	NA	0.00472333	0.00134953	NA	NA	0.00382366	0.0242916	0.0173189	NA	0.00134953	0.000224921	NA	NA	NA	NA	NA	NA	NA	NA	NA	0.00202429	0.022942	0.000224921	0.000224921	NA	NA	0.00179937	NA	0.572425	NA	0.0809715	NA	0.000899685	NA	0.000224921	0.0011246	NA	0.00292398	0.00157445	NA	0.000224921	NA	0.000449841	NA	0.00157445	NA	NA	0.000674763	NA	0.00247414	NA	NA	NA	0.0011246	NA	NA	NA	NA	NA	NA	0.00269906	NA	0.00157445	NA	0.00247414	0.00134953	0.00337382	NA	NA	NA	0.000449841	NA	0.00134953	NA	NA	NA	NA	0.0107962	NA	NA	NA	NA	NA	0.0031489	0.00382366	NA	NA	NA	NA	NA	0.000224921	NA	0.000224921	NA	NA	NA	NA	NA	0.000674763	0.000674763	0.000899685	NA	0.000674763	NA	NA	NA	NA	NA	0.000674763	NA	NA	NA	NA	NA	0.000674763	0.00449841	NA	NA	NA	NA	0.000899685	NA	NA	NA	NA	NA	NA	NA	NA	NA	NA	NA	NA	NA	0.000224921	NA	0.00179937	0.000224921	NA	0.000224921	NA	0.0107962	0.000224921	0.000224921	NA	NA	NA
Sample3	NA	NA	NA	NA	NA	NA	NA	NA	NA	NA	NA	NA	NA	NA	NA	NA	NA	NA	NA	NA	NA	NA	NA	NA	NA	NA	NA	0.676785	NA	NA	NA	NA	0.126846	NA	NA	NA	NA	NA	NA	NA	NA	NA	NA	NA	NA	NA	NA	NA	NA	NA	NA	NA	NA	NA	NA	NA	NA	NA	NA	NA	NA	NA	NA	0.000542079	0.000406559	NA	0.003388	NA	NA	NA	NA	NA	NA	NA	NA	0.000406559	NA	NA	NA	0.000406559	0.0241225	NA	NA	NA	NA	0.00027104	NA	0.00013552	NA	0.000677599	0.00027104	0.0201925	NA	0.0238515	NA	0.00555631	NA	0.000542079	NA	NA	NA	0.00975743	NA	NA	NA	NA	NA	NA	NA	NA	0.000406559	NA	NA	0.00013552	NA	NA	NA	NA	NA	NA	NA	NA	NA	NA	NA	NA	NA	NA	NA	NA	NA	0.000406559	0.0158559	NA	NA	NA	NA	NA	NA	NA	NA	NA	NA	NA	NA	NA	NA	NA	NA	NA	NA	NA	NA	NA	NA	NA	NA	NA	NA	NA	NA	NA	NA	NA	NA	NA	NA	NA	NA	NA	NA	NA	NA	NA	NA	NA	NA	NA
Sample5	NA	NA	NA	NA	NA	NA	NA	NA	NA	NA	NA	NA	NA	NA	NA	NA	NA	NA	NA	NA	NA	NA	NA	NA	NA	NA	NA	0.323965	0.00477707	0.00987258	NA	0.00214968	0.0487261	NA	NA	NA	0.0282644	0.217356	0.00740446	NA	NA	NA	NA	NA	NA	NA	NA	NA	NA	NA	NA	NA	NA	NA	NA	NA	NA	NA	NA	0.000636943	NA	0.000636943	0.00103503	0.00151274	0.000318471	NA	0.00302548	0.000716561	NA	NA	NA	NA	0.000159236	NA	NA	0.0148885	0.0039809	NA	NA	NA	0.0147293	NA	NA	NA	NA	0.000159236	0.000318471	0.000955411	7.96178e-05	0.000318471	0.00262739	0.0100319	NA	0.0124204	NA	0.00135351	0.000477707	0.00207007	NA	NA	NA	0.0551751	NA	NA	NA	0.000159236	NA	NA	0.000477707	0.00135351	7.96178e-05	NA	0.000318471	7.96178e-05	NA	NA	NA	0.000557325	NA	NA	NA	NA	NA	NA	NA	NA	NA	NA	NA	NA	NA	NA	0.000159236	NA	NA	NA	NA	NA	NA	NA	NA	NA	NA	NA	0.000875797	NA	NA	NA	NA	NA	NA	NA	NA	NA	NA	NA	7.96178e-05	NA	NA	NA	NA	NA	NA	NA	NA	0.000557325	NA	NA	NA	NA	NA	NA	NA	NA	NA	NA	NA	NA
Sample6	NA	NA	NA	NA	NA	NA	NA	NA	NA	NA	NA	NA	NA	NA	NA	NA	NA	NA	NA	NA	NA	NA	0.000147639	NA	NA	NA	NA	0.449121	NA	0.00660688	NA	0.0089691	0.0878824	NA	NA	NA	NA	NA	0.0776583	3.69098e-05	NA	NA	NA	NA	NA	NA	NA	NA	NA	NA	NA	NA	NA	NA	NA	NA	NA	NA	NA	NA	NA	3.69098e-05	0.00107039	3.69098e-05	0.000406007	NA	0.00391243	NA	NA	NA	NA	NA	0.000147639	NA	NA	0.00527809	0.00103348	NA	NA	7.38196e-05	0.00904289	NA	NA	NA	NA	3.69098e-05	3.69098e-05	0.000885834	NA	0.000885834	0.000406007	0.0352858	0.000147639	0.0123279	NA	0.00882146	0.000258369	0.00391243	0.00295279	NA	NA	0.00169785	NA	NA	NA	0.0134721	NA	NA	NA	NA	0.000221459	7.38196e-05	NA	7.38196e-05	NA	NA	NA	NA	NA	NA	NA	NA	NA	NA	NA	NA	NA	NA	NA	NA	NA	0.00590559	NA	NA	NA	NA	NA	NA	NA	NA	NA	NA	NA	NA	NA	NA	NA	NA	NA	NA	NA	NA	NA	NA	NA	NA	0.000184549	NA	0.000184549	NA	NA	NA	NA	NA	NA	NA	NA	NA	NA	NA	NA	NA	NA	NA	NA	NA	NA	0.00609014
Sample30	NA	NA	NA	NA	NA	NA	NA	NA	NA	NA	NA	NA	NA	NA	NA	NA	NA	NA	NA	NA	NA	NA	NA	NA	NA	0.000238379	NA	0.171157	NA	0.0104887	NA	0.0144219	0.0331346	NA	NA	NA	NA	0.319905	0.060429	NA	NA	NA	NA	NA	NA	NA	NA	NA	NA	NA	NA	NA	NA	NA	NA	NA	NA	NA	NA	NA	NA	0.000953515	0.00286054	NA	NA	NA	0.0112038	NA	NA	NA	NA	NA	0.000238379	NA	NA	0.0193087	0.00536352	NA	NA	0.00166866	0.0573301	NA	NA	NA	NA	NA	NA	0.000238379	NA	0.000238379	0.00143027	0.052205	NA	0.00774731	0.000119189	0.00977353	0.000119189	0.00357569	NA	NA	NA	NA	NA	NA	NA	0.0205006	NA	NA	0.000715136	NA	0.00119189	0.000357569	NA	0.000238379	NA	NA	NA	0.00917759	NA	NA	NA	NA	NA	NA	NA	NA	NA	NA	NA	NA	NA	0.0164481	NA	NA	NA	NA	NA	NA	NA	NA	NA	NA	NA	NA	NA	NA	NA	NA	NA	NA	NA	NA	NA	NA	NA	NA	NA	NA	NA	NA	NA	NA	NA	0.000119189	NA	0.000238379	NA	NA	NA	NA	NA	NA	NA	NA	NA	NA	0.00178784	NA
Sample36	NA	NA	NA	NA	NA	NA	NA	NA	NA	NA	NA	NA	NA	NA	NA	NA	NA	NA	NA	NA	NA	NA	0.000137137	NA	NA	NA	NA	0.326248	0.00658255	0.0246845	NA	0.00617114	0.0980527	NA	NA	NA	NA	0.00534833	0.0984641	NA	NA	NA	NA	NA	NA	NA	NA	NA	NA	NA	NA	NA	NA	NA	NA	NA	NA	NA	NA	NA	NA	0.000274273	NA	NA	0.000274273	NA	0.00342841	NA	NA	NA	NA	NA	0.000137137	NA	NA	0.00356554	0.00205705	NA	NA	NA	0.0026056	NA	0.000137137	NA	NA	NA	NA	0.000274273	NA	0.00041141	0.000137137	0.00809106	NA	0.0412781	NA	0.00767965	0.000548546	0.0015085	NA	NA	NA	0.0373011	NA	NA	NA	0.0330499	NA	NA	NA	NA	NA	NA	NA	NA	NA	NA	NA	NA	NA	NA	NA	NA	NA	NA	NA	NA	NA	NA	NA	NA	NA	0.00767965	0.000274273	NA	NA	NA	NA	NA	NA	NA	NA	NA	NA	NA	NA	NA	NA	NA	NA	NA	NA	NA	NA	NA	NA	NA	NA	NA	NA	NA	NA	NA	NA	NA	NA	NA	NA	NA	NA	NA	NA	NA	NA	NA	NA	NA	NA	0.00233132
Sample41	NA	NA	NA	NA	NA	NA	NA	NA	NA	NA	NA	NA	NA	NA	NA	NA	NA	NA	NA	NA	NA	NA	0.000218008	NA	NA	0.000109004	NA	0.445825	0.0188576	0.0263789	NA	NA	0.0449096	NA	NA	NA	0.0258339	0.000327011	0.174297	NA	NA	NA	NA	NA	NA	NA	NA	NA	NA	NA	NA	NA	NA	NA	NA	NA	NA	NA	NA	NA	NA	0.00130804	NA	NA	NA	NA	0.00599521	NA	NA	NA	NA	NA	0.00141704	NA	NA	0.00675823	0.000981033	NA	NA	NA	0.0244169	NA	NA	NA	NA	0.000109004	NA	0.000109004	NA	0.000109004	NA	0.0440375	NA	0.0224548	NA	0.0153696	0.00130804	0.0201657	NA	NA	NA	0.000109004	NA	NA	NA	0.000327011	NA	NA	NA	NA	0.00218008	0.000109004	NA	NA	NA	NA	NA	NA	NA	NA	NA	NA	NA	NA	NA	NA	NA	NA	NA	NA	NA	0.0168956	NA	NA	NA	NA	NA	NA	NA	NA	NA	NA	NA	NA	NA	NA	NA	NA	NA	0.000545019	NA	NA	NA	NA	NA	NA	NA	NA	NA	NA	NA	NA	NA	NA	NA	NA	NA	NA	NA	NA	NA	NA	NA	NA	NA	NA	NA	0.00218008
Sample42	NA	NA	NA	NA	NA	NA	NA	NA	NA	NA	NA	NA	NA	NA	NA	NA	NA	NA	NA	NA	NA	NA	4.58568e-05	NA	NA	4.58568e-05	NA	0.484019	NA	NA	NA	NA	0.0305865	NA	NA	NA	0.0487	4.58568e-05	9.17135e-05	NA	NA	NA	NA	NA	NA	NA	NA	NA	NA	NA	NA	4.58568e-05	NA	NA	NA	NA	NA	NA	NA	NA	NA	9.17135e-05	NA	0.000412712	NA	NA	0.00192599	NA	NA	NA	NA	NA	NA	NA	NA	0.000412712	9.17135e-05	NA	NA	NA	0.000412712	NA	NA	NA	4.58568e-05	NA	NA	NA	NA	9.17135e-05	0.00013757	0.28523	NA	0.00320998	NA	NA	NA	0.00123814	0.00619069	NA	NA	0.07814	NA	NA	NA	NA	NA	NA	0.000641996	NA	0.000504424	0.000641996	NA	NA	NA	NA	NA	NA	NA	NA	NA	NA	NA	NA	NA	NA	NA	NA	NA	NA	NA	0.00628238	NA	NA	NA	NA	NA	NA	NA	NA	NA	NA	NA	NA	NA	NA	NA	NA	NA	NA	NA	NA	NA	NA	NA	NA	NA	NA	NA	NA	NA	NA	NA	NA	NA	NA	NA	NA	NA	NA	NA	NA	NA	NA	NA	NA	NA	NA
Sample48	NA	NA	NA	5.53771e-05	NA	NA	NA	NA	NA	NA	NA	NA	NA	NA	NA	NA	NA	NA	NA	NA	NA	NA	NA	NA	NA	0.000166132	NA	0.263429	0.000664527	0.0233691	NA	0.00664527	0.0940302	NA	NA	NA	NA	0.0881049	0.142818	5.53771e-05	NA	NA	NA	NA	NA	NA	NA	NA	NA	NA	NA	5.53771e-05	NA	NA	NA	NA	NA	NA	NA	0.000221508	NA	0.00038764	NA	0.00742053	0.00110754	NA	0.00238122	NA	NA	NA	NA	NA	0.000110754	NA	NA	0.00420866	0.00138443	NA	NA	0.000166132	0.00359951	NA	NA	NA	NA	NA	NA	NA	5.53771e-05	0.00132905	0.000443017	0.0111862	0.000110754	0.0631299	5.53771e-05	0.000332263	0.000110754	0.0031565	NA	NA	NA	0.0361613	0.000276886	NA	NA	0.0307343	NA	NA	NA	0.00171669	0.000110754	0.00038764	NA	NA	NA	NA	NA	NA	NA	NA	NA	NA	NA	NA	NA	NA	NA	NA	NA	NA	NA	NA	0.000498394	NA	NA	NA	NA	NA	NA	NA	NA	NA	NA	NA	0.00215971	NA	NA	NA	NA	0.00038764	5.53771e-05	5.53771e-05	NA	NA	NA	NA	NA	NA	0.000276886	NA	NA	NA	NA	NA	NA	NA	NA	NA	NA	NA	NA	NA	NA	NA	NA	NA	NA	0.00625764
Sample51	NA	NA	NA	NA	NA	NA	NA	NA	NA	NA	NA	NA	NA	NA	NA	NA	NA	NA	NA	NA	NA	NA	NA	NA	NA	NA	NA	0.418424	0.00979905	NA	NA	NA	0.107085	0.000117354	NA	NA	NA	NA	0.0910079	NA	NA	NA	NA	NA	NA	NA	NA	NA	NA	NA	NA	NA	5.86769e-05	NA	NA	NA	NA	NA	NA	0.000117354	NA	0.00035206	5.86769e-05	0.000293384	5.86769e-05	NA	0.0022884	NA	NA	NA	NA	NA	0.000880155	NA	NA	0.0022884	0.00170163	NA	NA	NA	0.0149039	NA	NA	NA	NA	NA	NA	NA	NA	0.000586769	0.000469414	0.0341499	NA	0.0105618	0.000117354	0.00234708	0.000234708	0.00176031	NA	NA	NA	NA	NA	NA	NA	0.00410737	NA	5.86769e-05	NA	NA	5.86769e-05	0.000410737	NA	NA	NA	NA	NA	0.000293384	NA	NA	NA	NA	NA	NA	NA	NA	NA	NA	NA	NA	NA	0.0141411	NA	NA	NA	NA	NA	NA	NA	NA	NA	NA	NA	NA	NA	NA	NA	NA	NA	0.000528092	NA	NA	NA	NA	NA	5.86769e-05	NA	NA	0.000117354	NA	NA	NA	NA	NA	NA	NA	NA	NA	NA	NA	NA	NA	NA	NA	NA	NA	NA	0.0015256
Sample54	5.05204e-05	NA	NA	NA	NA	NA	NA	NA	NA	NA	NA	NA	NA	NA	NA	NA	NA	NA	NA	2.52602e-05	NA	NA	5.05204e-05	NA	NA	0.000454683	NA	0.551202	NA	0.00535517	NA	0.0109124	0.0489542	NA	5.05204e-05	NA	NA	NA	0.0366778	NA	5.05204e-05	NA	NA	NA	NA	NA	NA	NA	NA	NA	NA	NA	0.000101041	NA	NA	NA	NA	NA	5.05204e-05	0.000151561	NA	0.000303122	0.000101041	NA	NA	NA	0.00560778	NA	NA	NA	NA	NA	0.000202082	NA	NA	0.00267757	0.00126301	NA	NA	NA	0.00399112	NA	0.000101041	NA	NA	NA	NA	0.000202082	NA	0.000252602	0.000252602	0.0249823	NA	0.0178337	NA	0.141861	0.000404164	0.00313226	NA	NA	NA	0.000353643	NA	NA	NA	0.000101041	NA	NA	0.000202082	NA	0.00116197	NA	NA	NA	NA	5.05204e-05	NA	NA	NA	NA	NA	NA	NA	NA	NA	NA	NA	NA	NA	NA	NA	0.00464787	NA	NA	NA	NA	NA	NA	NA	NA	NA	NA	NA	NA	NA	NA	5.05204e-05	NA	NA	NA	5.05204e-05	NA	NA	0.000101041	NA	NA	5.05204e-05	NA	5.05204e-05	NA	NA	NA	NA	NA	NA	5.05204e-05	NA	NA	NA	NA	NA	NA	NA	NA	NA	NA	NA	NA
Sample2	0.120424	NA	NA	0.132508	NA	NA	NA	NA	NA	NA	NA	NA	NA	0.0506457	NA	NA	NA	NA	NA	0.000118469	5.92347e-05	NA	NA	NA	0.000888519	NA	5.92347e-05	0.000236939	NA	NA	NA	NA	NA	0.0030802	0.000414643	5.92347e-05	NA	0.0197252	NA	NA	0.0356593	NA	NA	NA	NA	NA	NA	NA	NA	NA	NA	0.000770053	5.92347e-05	0.00746359	NA	NA	NA	0.0117285	NA	NA	NA	0.382538	NA	NA	NA	5.92347e-05	NA	NA	NA	NA	0.000236939	NA	NA	NA	0.000829286	NA	NA	0.000177704	5.92347e-05	NA	NA	5.92347e-05	5.92347e-05	NA	NA	NA	NA	NA	NA	NA	NA	NA	NA	NA	NA	NA	NA	NA	NA	NA	0.000770053	0.0017178	NA	NA	NA	NA	NA	0.00912213	0.063144	NA	NA	NA	NA	NA	0.0151641	0.0106622	NA	NA	NA	NA	NA	NA	NA	NA	NA	NA	NA	NA	NA	NA	NA	NA	NA	NA	NA	NA	NA	NA	NA	NA	NA	NA	NA	NA	NA	0.00361331	0.0325791	NA	NA	NA	NA	0.0168227	NA	0.00148087	NA	NA	NA	NA	NA	NA	NA	NA	NA	0.000533112	0.0015401	0.00521265	NA	NA	NA	NA	NA	NA	NA	0.000592347	NA	NA	NA	NA
Sample4	0.0190681	NA	NA	0.00100359	NA	NA	NA	NA	NA	NA	NA	NA	NA	0.0129749	NA	NA	NA	NA	NA	NA	0.000143369	NA	NA	NA	0.00394265	NA	NA	0.000143369	NA	NA	7.16846e-05	NA	NA	0.0330466	0.000860216	0.00344086	NA	0.144373	7.16846e-05	NA	0.0105377	NA	NA	7.16846e-05	NA	NA	NA	NA	NA	NA	NA	0.0194982	NA	0.00179211	NA	NA	NA	0.0270968	NA	7.16846e-05	NA	0.152115	7.16846e-05	0.000215054	NA	0.00107527	NA	NA	NA	NA	0.000645162	NA	NA	NA	0.0212186	NA	NA	0.00473118	0.0132616	NA	NA	0.000358423	NA	0.000215054	0.00157706	0.00107527	NA	NA	NA	NA	NA	NA	NA	NA	NA	NA	NA	NA	NA	NA	0.000215054	0.00824372	NA	0.000860216	NA	NA	0.00121864	0.00681004	0.0736919	NA	NA	NA	NA	NA	0.0982792	0.0098925	NA	NA	0.000215054	NA	NA	7.16846e-05	NA	NA	NA	NA	NA	NA	NA	NA	NA	NA	NA	NA	NA	NA	NA	NA	NA	NA	NA	NA	NA	NA	NA	0.00114696	0.0181362	NA	NA	NA	NA	0.0096057	NA	7.16846e-05	NA	0.000430107	NA	NA	7.16846e-05	NA	7.16846e-05	NA	NA	0.00114696	0.000215054	0.0195699	0.000215054	NA	NA	7.16846e-05	NA	NA	NA	0.0667384	0.00465949	NA	NA	NA
Sample10	0.0295421	NA	NA	0.115953	NA	NA	NA	NA	NA	NA	NA	NA	NA	0.091876	NA	NA	NA	NA	NA	0.000147711	NA	NA	NA	NA	0.00132939	NA	NA	NA	NA	NA	NA	NA	NA	0.0453471	NA	NA	NA	0.021418	NA	NA	0.213441	NA	NA	NA	NA	NA	NA	NA	NA	NA	NA	0.00546529	NA	0.000590841	NA	NA	NA	0.0200886	NA	NA	NA	0.162482	NA	NA	NA	0.000147711	0.000147711	NA	NA	NA	0.000738553	NA	NA	NA	NA	NA	NA	0.00147711	0.000295421	NA	NA	NA	NA	NA	NA	NA	NA	NA	NA	NA	NA	NA	NA	NA	NA	NA	NA	NA	NA	0.000295421	0.000147711	0.00339733	NA	0.000147711	NA	NA	NA	0.00221566	0.0426884	NA	NA	NA	NA	NA	0.0361891	0.0614476	NA	NA	NA	NA	NA	NA	NA	NA	NA	NA	NA	NA	NA	NA	NA	NA	NA	NA	NA	NA	NA	NA	NA	NA	NA	NA	NA	NA	NA	0.00251108	0.032644	NA	NA	NA	NA	0.011226	NA	0.00310192	NA	NA	NA	NA	NA	NA	NA	NA	NA	NA	NA	0.000147711	NA	NA	NA	NA	NA	NA	NA	NA	NA	NA	NA	NA
Sample14	0.0151917	NA	NA	NA	NA	NA	NA	NA	NA	NA	NA	NA	NA	0.0224341	NA	NA	NA	NA	NA	NA	NA	NA	0.000176647	NA	0.0097156	NA	NA	NA	NA	NA	NA	NA	NA	0.0128952	0.000176647	NA	NA	0.135312	NA	NA	0.000529941	NA	NA	NA	NA	NA	NA	NA	NA	NA	NA	0.00989224	NA	NA	NA	NA	NA	0.0127186	NA	0.00953894	NA	0.492317	NA	NA	NA	NA	NA	NA	NA	NA	NA	NA	NA	NA	0.00105988	NA	NA	0.000529941	0.0109521	NA	NA	NA	0.000176647	0.000176647	NA	NA	NA	NA	NA	NA	NA	NA	NA	NA	NA	NA	NA	NA	NA	NA	0.000353294	0.000176647	NA	0.015015	NA	NA	NA	NA	0.192368	NA	NA	NA	NA	NA	0.00141318	0.000706588	NA	NA	NA	NA	NA	NA	NA	NA	NA	NA	NA	NA	NA	NA	NA	NA	NA	NA	NA	NA	NA	NA	NA	NA	NA	NA	NA	NA	NA	NA	0.000176647	NA	NA	NA	NA	0.0093623	NA	NA	NA	NA	NA	NA	NA	NA	NA	NA	NA	0.000706588	NA	0.0097156	0.000353294	NA	NA	NA	NA	NA	NA	0.000529941	NA	NA	NA	NA
Sample15	0.138019	NA	NA	0.00184677	NA	NA	NA	NA	NA	NA	NA	NA	NA	0.0575759	NA	NA	NA	NA	NA	NA	NA	NA	NA	NA	0.0297657	NA	0.000325901	0.000108634	NA	NA	NA	NA	NA	0.00184677	5.43168e-05	NA	NA	0.13954	NA	NA	0.000434534	NA	NA	NA	NA	NA	NA	NA	NA	NA	NA	0.00814753	0.000162951	0.000108634	NA	NA	NA	0.0155889	NA	NA	NA	0.293962	NA	0.00277016	NA	0.00526872	NA	NA	NA	NA	0.000271584	NA	NA	0.000217267	0.00488852	NA	NA	0.00825615	0.00923387	NA	NA	NA	NA	NA	0.000543168	NA	NA	NA	NA	NA	NA	NA	NA	NA	NA	NA	NA	NA	NA	5.43168e-05	0.000597486	0.000325901	NA	0.0117868	NA	NA	0.000108634	0.000108634	0.146167	NA	NA	NA	0.000271584	NA	0.0137965	0.0250401	NA	NA	NA	NA	NA	NA	NA	NA	NA	NA	NA	NA	NA	NA	NA	NA	NA	NA	NA	NA	NA	NA	NA	NA	NA	NA	NA	NA	NA	0.000271584	0.00700689	NA	NA	NA	NA	0.00418239	NA	NA	NA	NA	NA	NA	NA	NA	NA	NA	NA	5.43168e-05	NA	0.00255289	5.43168e-05	NA	NA	NA	NA	NA	NA	0.000325901	NA	NA	NA	NA
Sample23	0.0344434	NA	NA	0.137632	NA	NA	NA	NA	NA	NA	NA	NA	NA	0.0291773	NA	NA	NA	NA	NA	0.000142328	NA	NA	NA	NA	0.000569314	NA	NA	0.000426985	NA	NA	NA	NA	NA	0.0149444	0.000569314	NA	NA	0.0269001	NA	NA	0.0939368	NA	NA	NA	NA	NA	NA	NA	NA	NA	NA	NA	NA	0.000284657	NA	NA	NA	0.00213493	NA	0.000284657	NA	0.147168	NA	0.000711642	NA	0.000284657	NA	NA	NA	NA	0.00540848	NA	NA	NA	0.000284657	NA	NA	0.000142328	0.00384287	NA	NA	NA	NA	NA	NA	NA	NA	NA	NA	NA	NA	NA	NA	NA	NA	NA	NA	NA	NA	0.000142328	0.00227726	0.00113863	NA	0.000284657	NA	NA	0.00426985	0.0405636	0.0831199	NA	NA	NA	NA	NA	0.0933675	0.0768575	NA	NA	NA	NA	NA	NA	NA	NA	NA	NA	NA	NA	NA	NA	NA	NA	NA	NA	NA	NA	NA	NA	NA	NA	NA	NA	NA	NA	NA	0.00540848	0.0105323	NA	NA	NA	NA	0.0244805	NA	0.00142328	NA	NA	NA	NA	NA	NA	NA	NA	NA	NA	NA	0.000426985	NA	NA	NA	NA	NA	NA	NA	0.0936522	0.000142328	NA	NA	NA
Sample25	0.00389755	NA	NA	0.000250556	NA	NA	NA	NA	NA	NA	NA	NA	NA	0.0273107	NA	NA	NA	NA	NA	0.000222717	NA	NA	NA	NA	0.00194877	NA	NA	0.0016147	NA	NA	NA	NA	0.000250556	0.000835188	NA	NA	0.000139198	0.0516704	NA	NA	0.00186525	NA	0.000111358	NA	NA	NA	NA	NA	NA	NA	NA	0.0597439	NA	0.000361915	NA	NA	NA	0.017873	NA	NA	NA	0.663864	2.78396e-05	NA	NA	0.000501112	NA	NA	NA	NA	NA	NA	NA	NA	0.000167038	2.78396e-05	NA	0.00225501	0.00233853	NA	2.78396e-05	NA	NA	5.56791e-05	NA	NA	NA	NA	NA	NA	NA	0.000361915	NA	0.000473273	NA	2.78396e-05	NA	5.56791e-05	NA	NA	NA	0.000695991	NA	0.000612473	NA	NA	NA	NA	0.0459076	NA	NA	NA	NA	NA	0.00798998	0.000863027	NA	NA	NA	NA	NA	NA	NA	NA	NA	NA	NA	NA	NA	2.78396e-05	NA	NA	2.78396e-05	2.78396e-05	NA	NA	0.000194877	2.78396e-05	NA	NA	NA	8.35188e-05	NA	NA	NA	0.00103007	0.00874165	NA	NA	NA	NA	0.000946546	NA	5.56791e-05	NA	NA	NA	NA	NA	NA	NA	NA	NA	0.00144766	0.000111358	0.0514197	0.000111358	NA	NA	NA	NA	NA	NA	NA	NA	NA	NA	NA
Sample27	0.0163364	NA	NA	0.0387988	NA	NA	NA	NA	NA	NA	NA	NA	NA	0.108709	NA	NA	NA	NA	NA	NA	NA	NA	NA	NA	0.00108108	NA	NA	NA	NA	NA	NA	NA	NA	0.0361561	0.00504505	0.00024024	NA	0.0946547	NA	NA	0.105586	NA	NA	NA	NA	NA	NA	NA	NA	NA	NA	0.0018018	NA	0.00132133	NA	NA	NA	0.00312312	NA	NA	NA	0.0832433	NA	0.00048048	NA	0.00024024	NA	NA	NA	NA	0.00156156	NA	NA	NA	0.00072072	NA	NA	NA	NA	NA	NA	0.00048048	0.00024024	NA	0.00012012	NA	NA	NA	NA	NA	NA	NA	NA	NA	NA	NA	NA	NA	NA	0.0024024	0.000360361	0.0103303	NA	0.00108108	NA	NA	0.00276276	0.00936936	0.0421622	NA	NA	NA	NA	NA	0.161442	0.0285886	NA	NA	NA	NA	NA	NA	NA	NA	NA	NA	NA	NA	NA	NA	NA	NA	NA	NA	NA	NA	NA	NA	NA	NA	NA	NA	NA	NA	NA	0.0553753	0.0146547	NA	NA	NA	NA	0.0145345	NA	0.00456456	NA	NA	NA	NA	NA	NA	NA	NA	NA	0.00012012	0.00432433	0.00540541	NA	NA	NA	NA	NA	NA	NA	0.0217417	NA	NA	NA	NA
Sample28	0.0521903	NA	NA	0.0551248	NA	NA	NA	NA	NA	NA	NA	NA	NA	0.040872	NA	NA	NA	NA	NA	0.000628799	NA	NA	NA	NA	0.001048	NA	NA	0.000628799	NA	NA	NA	NA	NA	0.0375184	0.00314399	NA	NA	0.0433872	NA	NA	0.0364705	NA	NA	0.0002096	NA	NA	NA	NA	NA	NA	NA	0.00356319	0.000419199	0.00398239	NA	NA	NA	0.0023056	NA	NA	NA	0.264933	NA	NA	NA	0.0002096	NA	NA	NA	NA	0.00461119	NA	NA	NA	NA	NA	NA	NA	0.000628799	NA	NA	NA	0.000628799	0.0002096	0.0016768	NA	NA	NA	NA	NA	NA	NA	NA	NA	NA	NA	NA	NA	NA	NA	NA	NA	NA	NA	NA	NA	NA	0.00586879	0.202893	NA	NA	NA	NA	NA	0.119262	0.0197024	NA	NA	NA	NA	NA	NA	NA	NA	NA	NA	NA	NA	NA	NA	NA	NA	NA	NA	NA	NA	NA	NA	NA	NA	NA	NA	NA	NA	NA	0.001048	0.00586879	NA	NA	NA	NA	0.00293439	NA	0.00272479	NA	NA	NA	NA	NA	NA	NA	NA	NA	0.00335359	0.0016768	0.001048	NA	NA	NA	NA	NA	NA	NA	NA	NA	NA	NA	NA
Sample34	0.00738586	NA	NA	0.00133574	NA	NA	NA	NA	NA	NA	NA	NA	NA	0.0363008	NA	NA	NA	NA	NA	0.000314292	NA	NA	NA	NA	0.00102145	7.85731e-05	NA	0.0109217	NA	0.000707159	NA	0.000864303	0.00298578	0.0136717	0.00125717	7.85731e-05	NA	0.0927164	0.00463582	NA	0.0221576	NA	NA	0.000157146	NA	NA	NA	NA	NA	NA	NA	0.00330007	0.000157146	NA	NA	NA	NA	0.00526439	NA	NA	NA	0.106467	NA	0.000392865	NA	0.000157146	0.000235719	NA	NA	NA	NA	NA	NA	NA	0.00620726	0.000314292	NA	0.000314292	0.040701	NA	0.000785731	NA	NA	NA	7.85731e-05	NA	NA	NA	NA	NA	NA	0.00196433	NA	0.000707159	NA	0.000392865	7.85731e-05	0.000235719	NA	NA	0.00102145	0.000157146	NA	0.00243577	NA	0.000628583	0.000235719	0.00102145	0.0858019	NA	NA	NA	NA	NA	0.0507581	0.00557869	NA	0.000864303	NA	NA	NA	NA	NA	NA	NA	NA	NA	NA	NA	0.000157146	NA	0.000785731	NA	NA	NA	NA	NA	NA	NA	NA	0.000157146	NA	NA	NA	NA	0.00157146	0.168146	NA	NA	NA	NA	0.0330793	NA	0.000235719	NA	NA	NA	NA	NA	NA	NA	NA	NA	0.00573584	0.00275006	0.0702444	0.0047144	NA	NA	NA	NA	NA	NA	0.00227862	0.000157146	NA	0.000314292	NA
Sample8	0.000224643	0.00482984	NA	0.000112322	NA	NA	NA	NA	NA	NA	NA	NA	NA	NA	NA	NA	NA	NA	NA	NA	NA	NA	NA	0.0858137	0.137032	NA	NA	NA	0.000112322	NA	NA	NA	NA	0.00134785	NA	NA	NA	0.145569	NA	NA	NA	NA	NA	NA	NA	NA	NA	NA	NA	NA	NA	0.000112322	NA	NA	0.000336965	NA	NA	NA	NA	0.00662698	NA	0.000112322	NA	NA	NA	NA	NA	NA	0.00370661	0.000224643	0.0399866	0.00539144	NA	NA	NA	NA	NA	0.000112322	NA	NA	NA	NA	0.000786252	NA	0.00168483	NA	NA	0.0108952	NA	NA	NA	NA	NA	NA	NA	NA	NA	NA	NA	NA	NA	0.0277435	NA	0.0281927	NA	NA	NA	NA	NA	NA	NA	NA	NA	NA	0.000336965	NA	0.380996	NA	NA	NA	NA	NA	NA	NA	NA	NA	NA	NA	NA	NA	NA	NA	0.000336965	NA	NA	NA	NA	NA	NA	NA	NA	NA	NA	NA	NA	NA	NA	NA	NA	NA	NA	0.000112322	NA	NA	NA	NA	NA	NA	NA	NA	NA	NA	NA	NA	NA	NA	NA	NA	NA	NA	NA	NA	NA	NA	0.000336965	0.000561609	NA	NA
Sample26	0.000211283	NA	0.000211283	0.000845131	NA	NA	NA	NA	NA	NA	NA	NA	NA	NA	NA	NA	NA	NA	NA	NA	NA	NA	NA	0.0221847	NA	NA	NA	0.00105641	NA	NA	NA	NA	NA	NA	NA	NA	NA	0.000211283	NA	NA	NA	NA	NA	NA	NA	NA	NA	NA	NA	NA	NA	NA	NA	NA	NA	NA	NA	NA	NA	0.947813	NA	0.000211283	NA	NA	NA	NA	0.000211283	NA	0.00295796	0.00760618	NA	0.00190155	NA	NA	NA	NA	NA	NA	NA	NA	NA	NA	NA	NA	NA	NA	NA	NA	NA	NA	NA	NA	NA	NA	NA	NA	NA	NA	NA	NA	NA	0.000422566	NA	NA	NA	NA	NA	NA	NA	NA	NA	NA	NA	NA	NA	NA	NA	NA	NA	NA	NA	NA	NA	NA	NA	NA	NA	NA	NA	NA	NA	NA	NA	NA	NA	NA	NA	NA	NA	NA	NA	NA	NA	NA	NA	NA	NA	NA	NA	NA	NA	NA	NA	NA	NA	NA	NA	NA	NA	NA	NA	NA	NA	NA	NA	NA	NA	NA	NA	NA	NA	NA	NA	NA	NA	0.00781746	NA	NA
Sample31	NA	NA	NA	0.000308052	NA	NA	NA	NA	NA	NA	NA	NA	NA	6.16103e-05	NA	NA	NA	NA	NA	6.16103e-05	NA	NA	NA	0.0195921	0.00868703	NA	NA	0.000431272	NA	NA	NA	NA	NA	NA	NA	NA	NA	0.0212555	NA	NA	NA	NA	NA	NA	NA	NA	NA	NA	NA	NA	NA	NA	0.00012322	NA	NA	NA	NA	NA	NA	0.911589	NA	0.0116444	NA	NA	NA	NA	NA	6.16103e-05	0.00640749	0.00375823	NA	0.0017867	NA	NA	NA	NA	NA	NA	NA	NA	NA	NA	NA	NA	0.000431272	NA	NA	NA	NA	NA	NA	NA	NA	NA	NA	6.16103e-05	NA	NA	NA	NA	NA	0.00381984	NA	NA	NA	NA	NA	NA	NA	NA	NA	NA	NA	NA	0.000985763	NA	NA	NA	NA	NA	NA	NA	NA	NA	NA	NA	NA	NA	NA	NA	NA	NA	NA	NA	NA	NA	NA	NA	NA	NA	NA	NA	NA	NA	NA	NA	NA	NA	NA	NA	NA	0.0011706	NA	NA	NA	NA	NA	NA	NA	NA	NA	NA	NA	NA	NA	NA	NA	NA	NA	NA	6.16103e-05	NA	NA	NA	NA	NA	NA	NA
Sample32	NA	NA	NA	NA	NA	NA	NA	NA	NA	NA	NA	NA	NA	NA	0.000124689	NA	NA	NA	NA	NA	NA	NA	NA	0.000561098	NA	NA	NA	6.23442e-05	NA	NA	NA	NA	NA	NA	NA	NA	NA	NA	NA	NA	NA	NA	NA	NA	NA	6.23442e-05	NA	NA	NA	NA	NA	NA	NA	NA	NA	NA	NA	NA	NA	0.984289	NA	NA	6.23442e-05	NA	NA	NA	NA	NA	NA	NA	NA	NA	NA	NA	NA	NA	NA	NA	NA	NA	NA	NA	NA	NA	NA	6.23442e-05	NA	NA	NA	NA	NA	NA	NA	NA	NA	NA	NA	NA	NA	NA	NA	NA	NA	NA	NA	NA	NA	NA	NA	NA	NA	NA	NA	NA	NA	NA	NA	NA	NA	NA	NA	NA	NA	NA	NA	NA	NA	NA	NA	NA	NA	NA	NA	NA	NA	NA	NA	NA	NA	NA	NA	NA	NA	NA	NA	NA	NA	NA	NA	NA	NA	NA	NA	NA	NA	6.23442e-05	NA	NA	NA	NA	NA	NA	NA	NA	NA	NA	NA	NA	NA	NA	NA	6.23442e-05	NA	NA	NA	0.0118454	NA	NA
Sample33	NA	NA	NA	NA	NA	NA	NA	NA	NA	NA	NA	NA	NA	NA	NA	NA	NA	NA	NA	0.00020024	NA	NA	NA	NA	NA	NA	NA	NA	NA	NA	NA	NA	NA	NA	NA	NA	NA	NA	NA	NA	NA	NA	NA	NA	NA	NA	NA	NA	NA	NA	NA	NA	NA	NA	NA	NA	0.00020024	NA	NA	0.998598	NA	NA	NA	NA	NA	NA	NA	NA	NA	NA	NA	NA	NA	NA	NA	NA	NA	NA	NA	NA	NA	NA	NA	NA	NA	NA	NA	NA	NA	NA	NA	NA	NA	NA	NA	NA	NA	NA	NA	NA	NA	NA	NA	NA	NA	NA	NA	NA	NA	NA	NA	NA	NA	NA	NA	NA	NA	NA	NA	NA	NA	NA	NA	NA	NA	NA	NA	NA	NA	NA	NA	NA	NA	NA	NA	NA	NA	NA	NA	NA	NA	NA	NA	NA	NA	NA	NA	NA	NA	NA	NA	NA	NA	NA	NA	NA	NA	NA	NA	NA	NA	NA	NA	NA	NA	NA	NA	NA	NA	NA	NA	NA	NA	NA	NA	NA	NA	NA
